Index,Sentence,Caring,Boredom,Disappointment,Nervousness,Annoyance,Contempt,Sarcasm,Fear,Approval,Desire,Curiosity,Disgust,Pride,Confusion,Gratitude,Love,Amusement,Grief,Joy,Admiration,Embarrassment,Neutral,Anger,Disapproval,Relief,Surprise,Remorse,Realization,Excitement,Envy,Optimism,Sadness,text,id,clean_text,label,avg_sent_len,lexical_div,num_sents,flesch,fk_grade,polarity,subjectivity
1,"The grandfather clock blared across the hall. Bertha turned to the other side of the plush bed. It had been days since she bought the house, though it wasn't from her money. They had a deal, a deal she could not resist. Shifting the blankets over her head, she sighed—another mistake. A few months ago...",0.0,0.0207999999999999,0.125,0.0832999999999999,0.1042,0.0,0.0,0.0625,0.0,0.0625,0.0417,0.0,0.0,0.0,0.0,0.0,0.0,0.0417,0.0,0.0,0.0,0.0832999999999999,0.0,0.0,0.0,0.0417,0.1458,0.0,0.0207999999999999,0.0,0.0,0.1666999999999999,"The grandfather clock blared across the hall. Bertha turned to the other side of the plush bed. It had been days since she bought the house, though it wasn't from her money. They had a deal, a deal she could not resist. Shifting the blankets over her head, she sighed—another mistake. A few months ago...",1,"the grandfather clock blared across the hall. bertha turned to the other side of the plush bed. it had been days since she bought the house, though it wasn't from her money. they had a deal, a deal she could not resist. shifting the blankets over her head, she sighed—another mistake. a few months ago...",Sadness,10.833333333333334,0.7076923076923077,6.0,89.85810606060608,3.003181818181819,-0.1625,0.2375
2,"She was face to face with the Bargainer. Still in the black mourning clothes she used to mourn her dead husband, still wearing the single tear that graced her cheek, so singular, so perfect like a drop of blood. They were seated in their mansion—her mansion now. Minimalistic, very unlike her. It was her late husband who preferred it.",0.0,0.0,0.0976,0.0244,0.0,0.0,0.0,0.0244,0.0488,0.0488,0.0488,0.0,0.0,0.0,0.0,0.1219999999999999,0.0,0.195,0.0,0.0,0.0,0.1463,0.0,0.0,0.0,0.0,0.0732,0.0,0.0,0.0,0.0,0.1706999999999999,"She was face to face with the Bargainer. Still in the black mourning clothes she used to mourn her dead husband, still wearing the single tear that graced her cheek, so singular, so perfect like a drop of blood. They were seated in their mansion—her mansion now. Minimalistic, very unlike her. It was her late husband who preferred it.",2,"she was face to face with the bargainer. still in the black mourning clothes she used to mourn her dead husband, still wearing the single tear that graced her cheek, so singular, so perfect like a drop of blood. they were seated in their mansion—her mansion now. minimalistic, very unlike her. it was her late husband who preferred it.",Grief,13.6,0.6911764705882353,5.0,80.14613559322035,5.0120000000000005,0.07698412698412697,0.49126984126984125
3,"""Bertha..."" He called her so sweetly, even on his deathbed. There she was, making a deal with the Bargainer. It was all worth it. She thought, the castle is in the memory of her husband.",0.0391999999999999,0.0,0.0,0.0,0.0,0.0,0.0,0.0,0.098,0.1175999999999999,0.0,0.0,0.0195999999999999,0.0,0.0783999999999999,0.1764999999999999,0.0,0.1569,0.0,0.0195999999999999,0.0,0.0587999999999999,0.0,0.0,0.0,0.0,0.0195999999999999,0.0,0.0195999999999999,0.0001,0.0587999999999999,0.1373,"""Bertha..."" He called her so sweetly, even on his deathbed. There she was, making a deal with the Bargainer. It was all worth it. She thought, the castle is in the memory of her husband.",3,"""bertha..."" he called her so sweetly, even on his deathbed. there she was, making a deal with the bargainer. it was all worth it. she thought, the castle is in the memory of her husband.",Love,11.25,0.7555555555555555,4.0,86.76517857142859,3.3310714285714305,0.32499999999999996,0.375
4,"Tick. Tick. Tick. Getting up from the bed, her black eyes drifted over to the grand window. The sky was still dark; it was still midnight.",0.0,0.0323,0.0,0.2580999999999999,0.129,0.0,0.0,0.2258,0.0,0.0,0.0645,0.0,0.0,0.0,0.0,0.0,0.0,0.0,0.0,0.0,0.0,0.1935,0.0,0.0,0.0,0.0323,0.0,0.0,0.0,0.0,0.0,0.0645,"Tick. Tick. Tick. Getting up from the bed, her black eyes drifted over to the grand window. The sky was still dark; it was still midnight.",4,"tick. tick. tick. getting up from the bed, her black eyes drifted over to the grand window. the sky was still dark; it was still midnight.",Nervousness,6.6,0.696969696969697,5.0,92.77076923076925,3.549230769230771,0.06111111111111112,0.6111111111111112
5,"Slipping on her slippers, she strolled to the balcony, opening the doors, letting the cool breeze grace her skin. 'The moon seems lovely tonight,' she thought. There were still some lights on in the castle. Of course there was—there were maintainers and workers who worked to keep the castle clean.",0.0625,0.0,0.0,0.0,0.0,0.0,0.0,0.0,0.1875,0.0313,0.0313,0.0,0.0,0.0,0.0,0.0,0.0,0.0,0.125,0.1562999999999999,0.0,0.2497999999999999,0.0,0.0,0.0937999999999999,0.0,0.0,0.0,0.0,0.0,0.0625,0.0,"Slipping on her slippers, she strolled to the balcony, opening the doors, letting the cool breeze grace her skin. 'The moon seems lovely tonight,' she thought. There were still some lights on in the castle. Of course there was—there were maintainers and workers who worked to keep the castle clean.",5,"slipping on her slippers, she strolled to the balcony, opening the doors, letting the cool breeze grace her skin. 'the moon seems lovely tonight,' she thought. there were still some lights on in the castle. of course there was—there were maintainers and workers who worked to keep the castle clean.",Neutral,14.75,0.711864406779661,4.0,85.85950000000001,4.388999999999999,0.2791666666666667,0.55
6,"The rose garden was well manicured, looking exceptionally beautiful under the moonlight. Oh how she wished to visit them at this hour. Not because she was restricted—for this was already her property—but because she was too lazy to take the stairs, those things were torture. She sighed and went inside. On one of the many luxurious drawers in the chiffonier, she drew one out and picked a cigar, lighting it.",0.0,0.0488,0.0,0.0,0.195,0.0,0.0488,0.0,0.0732,0.1463,0.0,0.0,0.0,0.0,0.0,0.0,0.0,0.0,0.0732,0.1706999999999999,0.0,0.1219999999999999,0.0,0.0,0.0244,0.0,0.0,0.0,0.0,0.0,0.0,0.0976,"The rose garden was well manicured, looking exceptionally beautiful under the moonlight. Oh how she wished to visit them at this hour. Not because she was restricted—for this was already her property—but because she was too lazy to take the stairs, those things were torture. She sighed and went inside. On one of the many luxurious drawers in the chiffonier, she drew one out and picked a cigar, lighting it.",6,"the rose garden was well manicured, looking exceptionally beautiful under the moonlight. oh how she wished to visit them at this hour. not because she was restricted—for this was already her property—but because she was too lazy to take the stairs, those things were torture. she sighed and went inside. on one of the many luxurious drawers in the chiffonier, she drew one out and picked a cigar, lighting it.",Annoyance,15.8,0.7088607594936709,5.0,66.93357142857143,7.401428571428575,0.425,0.8625
7,"It was nice being alone, but not too nice. She still missed her husband, though he was now six feet under the soil. He was the only one who saw her, but even at that he still struggled to find the depths under those dark eyes. She wasn't pretty; she wasn't docile and loving like her name. She was like a rose, with only thorns and sharp leaves for petals.",0.0217,0.0,0.1303999999999999,0.0,0.0434999999999999,0.0,0.0,0.0,0.0,0.0,0.0,0.0,0.0434999999999999,0.0,0.0,0.1522,0.0,0.1957,0.0,0.0,0.0,0.1087,0.0,0.0,0.0,0.0,0.0869999999999999,0.0,0.0,0.0,0.0,0.2172999999999999,"It was nice being alone, but not too nice. She still missed her husband, though he was now six feet under the soil. He was the only one who saw her, but even at that he still struggled to find the depths under those dark eyes. She wasn't pretty; she wasn't docile and loving like her name. She was like a rose, with only thorns and sharp leaves for petals.",7,"it was nice being alone, but not too nice. she still missed her husband, though he was now six feet under the soil. he was the only one who saw her, but even at that he still struggled to find the depths under those dark eyes. she wasn't pretty; she wasn't docile and loving like her name. she was like a rose, with only thorns and sharp leaves for petals.",Sadness,16.4,0.6463414634146342,5.0,89.89642857142859,4.19857142857143,0.2638888888888889,0.8944444444444445
8,"This was going to be a long night… The Montante castle stood in the midst of dense foliage. It was an old and little-known castle, built by a nobleman hundreds of years ago.",0.0,0.1817999999999999,0.0,0.0908999999999999,0.0,0.0,0.0,0.0,0.0,0.0,0.0454999999999999,0.0,0.0,0.0,0.0,0.0,0.0,0.0,0.0,0.0,0.0,0.5453999999999999,0.0,0.0,0.0,0.0,0.0,0.0,0.0,0.0,0.0,0.1363999999999999,"This was going to be a long night… The Montante castle stood in the midst of dense foliage. It was an old and little-known castle, built by a nobleman hundreds of years ago.",8,"this was going to be a long night… the montante castle stood in the midst of dense foliage. it was an old and little-known castle, built by a nobleman hundreds of years ago.",Neutral,18.0,0.8333333333333334,2.0,74.72386363636366,6.935909090909089,0.025,0.30000000000000004
9,"Who knew it? She had no interest in knowing—all she knew was that it was hers. The papers and everything were signed under her name, with her own signature. But she didn't plan on staying there forever, no, it was too much of a hassle to get from the stairs. She just wanted to stay low for the time being.",0.0,0.0526,0.0,0.0,0.1842,0.0788999999999999,0.0,0.0,0.1315999999999999,0.1053,0.0263,0.0,0.2104999999999999,0.0,0.0,0.0,0.0,0.0,0.0,0.0,0.0,0.1579,0.0,0.0,0.0,0.0,0.0,0.0,0.0,0.0001,0.0,0.0526,"Who knew it? She had no interest in knowing—all she knew was that it was hers. The papers and everything were signed under her name, with her own signature. But she didn't plan on staying there forever, no, it was too much of a hassle to get from the stairs. She just wanted to stay low for the time being.",9,"who knew it? she had no interest in knowing—all she knew was that it was hers. the papers and everything were signed under her name, with her own signature. but she didn't plan on staying there forever, no, it was too much of a hassle to get from the stairs. she just wanted to stay low for the time being.",Pride,13.8,0.7391304347826086,5.0,90.315,3.6433333333333344,0.26666666666666666,0.5
10,"The bathroom was very modest, almost too modest considering the grandness of the Master's Bedroom. The tub was made of porcelain, smooth, fair, devoid of any extra designs—much to her displeasure. After taking her bath, she put on her clothes and walked downstairs to the dining hall. The clinking of tableware increased her hunger. She then sat at the head of the long table. Breakfast was served at the table just for her... Only her.",0.0,0.0645,0.0,0.0,0.1935,0.0,0.0,0.0,0.0,0.0967999999999999,0.0323,0.0,0.0,0.0,0.0,0.0,0.0,0.0,0.0,0.0,0.0,0.2580999999999999,0.0,0.2258,0.0,0.0,0.0,0.0,0.0,0.0,0.0,0.129,"The bathroom was very modest, almost too modest considering the grandness of the Master's Bedroom. The tub was made of porcelain, smooth, fair, devoid of any extra designs—much to her displeasure. After taking her bath, she put on her clothes and walked downstairs to the dining hall. The clinking of tableware increased her hunger. She then sat at the head of the long table. Breakfast was served at the table just for her... Only her.",10,"the bathroom was very modest, almost too modest considering the grandness of the master's bedroom. the tub was made of porcelain, smooth, fair, devoid of any extra designs—much to her displeasure. after taking her bath, she put on her clothes and walked downstairs to the dining hall. the clinking of tableware increased her hunger. she then sat at the head of the long table. breakfast was served at the table just for her... only her.",Neutral,14.666666666666666,0.625,6.0,72.32350000000002,6.277000000000001,0.1475,0.625
11,"It was more of a feast—the more she looked, the more she was in disbelief. The whole extensive wooden dining table was filled to the brim with food. It seemed that this was what they had been working on, even through the night.",0.0,0.0,0.0,0.0,0.0,0.0,0.0,0.0,0.04,0.0,0.0,0.0,0.0,0.16,0.0,0.0,0.0,0.0,0.08,0.1199999999999999,0.0,0.2399999999999999,0.0,0.0,0.0,0.32,0.0,0.0,0.04,0.0,0.0,0.0,"It was more of a feast—the more she looked, the more she was in disbelief. The whole extensive wooden dining table was filled to the brim with food. It seemed that this was what they had been working on, even through the night.",11,"it was more of a feast—the more she looked, the more she was in disbelief. the whole extensive wooden dining table was filled to the brim with food. it seemed that this was what they had been working on, even through the night.",Surprise,16.0,0.7291666666666666,3.0,88.01224806201553,4.54418604651163,0.3,0.44761904761904764
12,"Digging her fork into the tender mutton, she took a bite and asked: ""Surely I can't finish all this, why did you cook so much?"" Her black eyes drifted to the person beside her, clad in pristine white chef's robes, looking like she was eating his masterpiece.",0.0,0.0,0.0,0.0,0.2,0.0,0.0,0.0,0.0,0.0,0.1713999999999999,0.0,0.0,0.2285999999999999,0.0,0.0,0.0,0.0,0.0,0.0570999999999999,0.0,0.1428999999999999,0.0,0.0856999999999999,0.0,0.1142999999999999,0.0,0.0,0.0,0.0,0.0,0.0,"Digging her fork into the tender mutton, she took a bite and asked: ""Surely I can't finish all this, why did you cook so much?"" Her black eyes drifted to the person beside her, clad in pristine white chef's robes, looking like she was eating his masterpiece.",12,"digging her fork into the tender mutton, she took a bite and asked: ""surely i can't finish all this, why did you cook so much?"" her black eyes drifted to the person beside her, clad in pristine white chef's robes, looking like she was eating his masterpiece.",Confusion,29.0,0.8793103448275862,2.0,73.18250000000002,8.88989361702128,0.13333333333333333,0.38055555555555554
13,"""Madam, it has always been a custom of the Montante—the first meal is served to the Master, the rest of it is then distributed to the workers of the castle."" He said it with a slight smile, his eyes still staring at the tender mutton she had eaten half of.",0.0476,0.0,0.0,0.0,0.0,0.0,0.0,0.0,0.1905,0.0,0.0476,0.0,0.0,0.0,0.0,0.0,0.1428999999999999,0.0,0.0,0.0952,0.0,0.4762,0.0,0.0,0.0,0.0,0.0,0.0,0.0,0.0,0.0,0.0,"""Madam, it has always been a custom of the Montante—the first meal is served to the Master, the rest of it is then distributed to the workers of the castle."" He said it with a slight smile, his eyes still staring at the tender mutton she had eaten half of.",13,"""madam, it has always been a custom of the montante—the first meal is served to the master, the rest of it is then distributed to the workers of the castle."" he said it with a slight smile, his eyes still staring at the tender mutton she had eaten half of.",Neutral,28.5,0.7192982456140351,2.0,71.48000000000002,9.500000000000004,0.05416666666666666,0.19166666666666665
14,"""The last owners of this castle, who were they?"" she muttered. Chef Guijan replied, his voice low but clear. ""The last master was the Trueblood descendant of the noble Montante, Master Lucas. The estate was sold years ago in exchange for more properties.""",0.0,0.0,0.16,0.0,0.0,0.0,0.0,0.0,0.04,0.0,0.32,0.0,0.0,0.1199999999999999,0.0,0.0,0.0,0.0,0.0,0.0,0.0,0.28,0.0,0.0,0.0,0.0,0.0,0.0,0.0,0.0,0.0,0.08,"""The last owners of this castle, who were they?"" she muttered. Chef Guijan replied, his voice low but clear. ""The last master was the Trueblood descendant of the noble Montante, Master Lucas. The estate was sold years ago in exchange for more properties.""",14,"""the last owners of this castle, who were they?"" she muttered. chef guijan replied, his voice low but clear. ""the last master was the trueblood descendant of the noble montante, master lucas. the estate was sold years ago in exchange for more properties.""",Curiosity,11.0,0.7272727272727273,5.0,73.94235465116282,5.616453488372091,0.19999999999999998,0.36944444444444446
15,"Chef Guijan was a stout old man, easy to temper as he was easy to flatter. His robes were pristine and his placements were even more precise. He came along with the castle.",0.0,0.0,0.0,0.0,0.0,0.0,0.0,0.0,0.1817999999999999,0.0,0.0908999999999999,0.0,0.0,0.0,0.0,0.0,0.0454999999999999,0.0,0.0,0.1363999999999999,0.0,0.5453999999999999,0.0,0.0,0.0,0.0,0.0,0.0,0.0,0.0,0.0,0.0,"Chef Guijan was a stout old man, easy to temper as he was easy to flatter. His robes were pristine and his placements were even more precise. He came along with the castle.",15,"chef guijan was a stout old man, easy to temper as he was easy to flatter. his robes were pristine and his placements were even more precise. he came along with the castle.",Neutral,12.333333333333334,0.7837837837837838,3.0,82.87000000000003,4.433333333333334,0.37333333333333335,0.6333333333333334
16,"""Seems reasonable."" She nodded and dismissed him, then ate for a little while and left the dining hall, but not without passing the chef who stood at the door the whole time.",0.0,0.125,0.0,0.0,0.1666999999999999,0.0,0.0,0.0,0.3332999999999999,0.0,0.0,0.0,0.0,0.0,0.0,0.0,0.0,0.0,0.0,0.0,0.0,0.2917,0.0,0.0,0.0832999999999999,0.0,0.0,0.0,0.0,0.0,0.0,0.0,"""Seems reasonable."" She nodded and dismissed him, then ate for a little while and left the dining hall, but not without passing the chef who stood at the door the whole time.",16,"""seems reasonable."" she nodded and dismissed him, then ate for a little while and left the dining hall, but not without passing the chef who stood at the door the whole time.",Approval,19.0,0.8421052631578947,2.0,65.96125000000002,12.008750000000003,0.053125000000000006,0.375
17,"""Enjoy."" It was a very long distance from the Montante Castle to any form of civilization. It was frustrating in many ways. The Bargainer was here. With the same mask on his face, smooth and lifelike, devoid of any color except the color he always wore, and she always liked—black. Not a sliver of his skin was exposed.",0.0,0.0,0.0,0.125,0.2497999999999999,0.0,0.0,0.1562999999999999,0.0313,0.0,0.0625,0.0313,0.0,0.0,0.0,0.0,0.0,0.0,0.0,0.0625,0.0,0.1875,0.0,0.0937999999999999,0.0,0.0,0.0,0.0,0.0,0.0,0.0,0.0,"""Enjoy."" It was a very long distance from the Montante Castle to any form of civilization. It was frustrating in many ways. The Bargainer was here. With the same mask on his face, smooth and lifelike, devoid of any color except the color he always wore, and she always liked—black. Not a sliver of his skin was exposed.",17,"""enjoy."" it was a very long distance from the montante castle to any form of civilization. it was frustrating in many ways. the bargainer was here. with the same mask on his face, smooth and lifelike, devoid of any color except the color he always wore, and she always liked—black. not a sliver of his skin was exposed.",Annoyance,11.5,0.6811594202898551,6.0,71.07824137931037,6.227103448275862,0.129375,0.480625
18,"Standing hunched because of his very large height, he looked like something from children's nightmares and something found in the Grimm brothers' folktales. His voice was very low, almost akin to the sound of vibrating air.",0.0,0.0,0.0,0.1950999999999999,0.0,0.0,0.0,0.2437999999999999,0.0,0.0,0.0,0.2195,0.0,0.0732,0.0,0.0,0.0,0.0,0.0,0.0488,0.0,0.1219999999999999,0.0,0.0,0.0,0.0976,0.0,0.0,0.0,0.0,0.0,0.0,"Standing hunched because of his very large height, he looked like something from children's nightmares and something found in the Grimm brothers' folktales. His voice was very low, almost akin to the sound of vibrating air.",18,"standing hunched because of his very large height, he looked like something from children's nightmares and something found in the grimm brothers' folktales. his voice was very low, almost akin to the sound of vibrating air.",Fear,21.0,0.8333333333333334,2.0,71.06500000000001,7.818888888888889,0.2261904761904762,0.4490476190476191
19,"""I see you've made yourself comfortable,"" he murmured through the mask. Bertha nodded, feeling slightly pleased. The castle was bigger than she had ever expected, but the thing was—what was the catch? She paid no money, nor property to gain such a fortune. She was skeptical as the masked one came to her in her home with a deal with an open condition. It seemed to be something of dreams... or nightmares.",0.0,0.0,0.0732,0.195,0.0,0.0,0.0,0.1463,0.0732,0.0488,0.1706999999999999,0.0,0.0,0.0488,0.0,0.0,0.0,0.0,0.0244,0.0,0.0,0.0976,0.0,0.0,0.0,0.1219999999999999,0.0,0.0,0.0,0.0,0.0,0.0,"""I see you've made yourself comfortable,"" he murmured through the mask. Bertha nodded, feeling slightly pleased. The castle was bigger than she had ever expected, but the thing was—what was the catch? She paid no money, nor property to gain such a fortune. She was skeptical as the masked one came to her in her home with a deal with an open condition. It seemed to be something of dreams... or nightmares.",19,"""i see you've made yourself comfortable,"" he murmured through the mask. bertha nodded, feeling slightly pleased. the castle was bigger than she had ever expected, but the thing was—what was the catch? she paid no money, nor property to gain such a fortune. she was skeptical as the masked one came to her in her home with a deal with an open condition. it seemed to be something of dreams... or nightmares.",Nervousness,14.333333333333334,0.7674418604651163,6.0,80.68,4.9872222222222256,0.042857142857142864,0.5999999999999999
20,"Now it was 3:35 pm in the office of her boutique. She had just sorted some files before she heard he had arrived, and she welcomed him as quickly as she heard. Now they were seated in the cool office, the AC blasting cold air into the room despite the already cold weather.",0.0,0.0,0.0,0.0,0.0,0.0,0.0,0.0,0.0625,0.0,0.125,0.0,0.0,0.0,0.0,0.0,0.0,0.0,0.0,0.0,0.0,0.75,0.0,0.0,0.0,0.0,0.0,0.0,0.0625,0.0,0.0,0.0,"Now it was 3:35 pm in the office of her boutique. She had just sorted some files before she heard he had arrived, and she welcomed him as quickly as she heard. Now they were seated in the cool office, the AC blasting cold air into the room despite the already cold weather.",20,"now it was 3:35 pm in the office of her boutique. she had just sorted some files before she heard he had arrived, and she welcomed him as quickly as she heard. now they were seated in the cool office, the ac blasting cold air into the room despite the already cold weather.",Neutral,19.333333333333332,0.7068965517241379,3.0,77.16748427672958,6.88490566037736,-0.12916666666666665,0.7875
21,"""The castle... what are your conditions?"" she finally spoke. It wouldn't be a lie to say her heart beat faster whenever he was with her, because true to his name, he brought Bertha her wealth.",0.0,0.0,0.0,0.1943999999999999,0.0,0.0,0.0,0.0555999999999999,0.0277999999999999,0.1666999999999999,0.2222,0.0,0.0,0.0,0.1111,0.0,0.0,0.0,0.0,0.0,0.0,0.0832999999999999,0.0,0.0,0.0,0.0,0.0,0.0,0.1388999999999999,0.0,0.0,0.0,"""The castle... what are your conditions?"" she finally spoke. It wouldn't be a lie to say her heart beat faster whenever he was with her, because true to his name, he brought Bertha her wealth.",21,"""the castle... what are your conditions?"" she finally spoke. it wouldn't be a lie to say her heart beat faster whenever he was with her, because true to his name, he brought bertha her wealth.",Curiosity,14.666666666666666,0.8636363636363636,3.0,83.80476190476192,4.46857142857143,0.175,0.825
22,"""So eager now are we?"" The Bargainer chuckled. There was silence between them.",0.0,0.0,0.0,0.0,0.0625,0.1875,0.2187999999999999,0.0,0.0313,0.0,0.0937999999999999,0.0,0.0,0.0,0.0,0.0,0.2497999999999999,0.0,0.0,0.0,0.0,0.1562999999999999,0.0,0.0,0.0,0.0,0.0,0.0,0.0,0.0,0.0,0.0,"""So eager now are we?"" The Bargainer chuckled. There was silence between them.",22,"""so eager now are we?"" the bargainer chuckled. there was silence between them.",Amusement,6.0,0.9444444444444444,3.0,78.79051282051283,3.3461538461538467,0.0,0.0
23,"The sun was low in the sky; it would soon be time to close her boutique. She placed the files on her desk and leaned in. ""It would be strange if there wasn't a catch."" She smirked. Her legs bounced impatiently.",0.0,0.0,0.0,0.1943999999999999,0.0,0.0,0.0832999999999999,0.0,0.0555999999999999,0.1666999999999999,0.2222,0.0,0.0,0.0,0.0,0.0,0.0277999999999999,0.0,0.0,0.0,0.0,0.1111,0.0,0.0,0.0,0.0,0.0,0.0,0.1388999999999999,0.0,0.0,0.0,"The sun was low in the sky; it would soon be time to close her boutique. She placed the files on her desk and leaned in. ""It would be strange if there wasn't a catch."" She smirked. Her legs bounced impatiently.",23,"the sun was low in the sky; it would soon be time to close her boutique. she placed the files on her desk and leaned in. ""it would be strange if there wasn't a catch."" she smirked. her legs bounced impatiently.",Curiosity,10.0,0.72,5.0,101.5141768292683,1.6465243902439042,-0.08333333333333333,0.45
24,"He stood up, his cane sounding against the tiled floor. ""Very well. We will meet by dusk.""",0.0,0.0,0.0,0.2399999999999999,0.0,0.0,0.0,0.2,0.1199999999999999,0.0,0.04,0.0,0.0,0.0,0.0,0.0,0.0,0.0,0.0,0.0,0.0,0.4,0.0,0.0,0.0,0.0,0.0,0.0,0.0,0.0,0.0,0.0,"He stood up, his cane sounding against the tiled floor. ""Very well. We will meet by dusk.""",24,"he stood up, his cane sounding against the tiled floor. ""very well. we will meet by dusk.""",Neutral,7.666666666666667,0.9130434782608695,3.0,98.67808823529413,1.6073529411764724,0.2,0.3
25,"""Bertha my dear..."" Dominic didn't need to say more. She lifted the thick blankets to cover their bodies. Bertha hated the heat, but she couldn't let him go, not at this time. Slipping her hands around his thin waist, she lightly scolded behind him. ""Go to sleep, it's already late. You have your appointment in the morning.""",0.1778,0.0,0.0,0.0666999999999999,0.1333,0.0,0.0,0.0,0.0222,0.0444,0.0,0.0,0.0,0.0,0.0,0.2,0.0,0.1111,0.0,0.0,0.0,0.0889,0.0,0.0,0.0,0.0,0.0,0.0,0.0,0.0,0.0,0.1555999999999999,"""Bertha my dear..."" Dominic didn't need to say more. She lifted the thick blankets to cover their bodies. Bertha hated the heat, but she couldn't let him go, not at this time. Slipping her hands around his thin waist, she lightly scolded behind him. ""Go to sleep, it's already late. You have your appointment in the morning.""",25,"""bertha my dear..."" dominic didn't need to say more. she lifted the thick blankets to cover their bodies. bertha hated the heat, but she couldn't let him go, not at this time. slipping her hands around his thin waist, she lightly scolded behind him. ""go to sleep, it's already late. you have your appointment in the morning.""",Love,12.5,0.7333333333333333,6.0,82.80157894736844,3.7330827067669183,-0.18750000000000003,0.578125
26,"Dominic chuckled underneath his breath, each huff more silent than the last. ""I'm soon to die... There's no need for appointments. They're all just after my money... Nothing else."" Bertha's hand tightened slightly. She could feel him rubbing her hand with soft yet smooth fingers. This young master had never lifted a finger to do hard work. It was a pity.",0.1042,0.0,0.1458,0.0207999999999999,0.0417,0.0,0.0,0.0207999999999999,0.0,0.0,0.0,0.0,0.0,0.0,0.0,0.0832999999999999,0.0417,0.1875,0.0,0.0,0.0,0.0625,0.0,0.0,0.0,0.0,0.125,0.0,0.0,0.0,0.0,0.1666999999999999,"Dominic chuckled underneath his breath, each huff more silent than the last. ""I'm soon to die... There's no need for appointments. They're all just after my money... Nothing else."" Bertha's hand tightened slightly. She could feel him rubbing her hand with soft yet smooth fingers. This young master had never lifted a finger to do hard work. It was a pity.",26,"dominic chuckled underneath his breath, each huff more silent than the last. ""i'm soon to die... there's no need for appointments. they're all just after my money... nothing else."" bertha's hand tightened slightly. she could feel him rubbing her hand with soft yet smooth fingers. this young master had never lifted a finger to do hard work. it was a pity.",Grief,11.0,0.8571428571428571,7.0,86.75792008196724,3.052602459016395,0.06018518518518518,0.3138888888888889
27,"""How are you sure I'm not after your money?"" He sighed.",0.069,0.0,0.0345,0.0,0.0,0.0,0.0,0.0,0.0,0.0,0.2758999999999999,0.0,0.0,0.0,0.0,0.1034,0.0,0.1378999999999999,0.0,0.0,0.0,0.1723999999999999,0.0,0.0,0.0,0.0,0.0,0.0,0.0,0.0,0.0,0.2069,"""How are you sure I'm not after your money?"" He sighed.",27,"""how are you sure i'm not after your money?"" he sighed.",Curiosity,8.0,1.0,2.0,95.68818181818183,2.645454545454548,0.5,0.8888888888888888
28,"""Then you would have stopped giving me my drugs four years ago... Cough... You would have stopped taking care of me the night we were married."" He spoke, his deep voice soothing as midnight rain.",0.1555999999999999,0.0,0.0,0.0,0.0,0.0,0.0,0.0,0.0666999999999999,0.0,0.0,0.0,0.0,0.0,0.1778,0.2,0.0,0.1111,0.0,0.0222,0.0,0.0889,0.0,0.0,0.0444,0.0,0.0,0.0,0.0,0.0,0.0,0.1333,"""Then you would have stopped giving me my drugs four years ago... Cough... You would have stopped taking care of me the night we were married."" He spoke, his deep voice soothing as midnight rain.",28,"""then you would have stopped giving me my drugs four years ago... cough... you would have stopped taking care of me the night we were married."" he spoke, his deep voice soothing as midnight rain.",Love,21.0,0.8333333333333334,2.0,95.89047619047619,2.782857142857143,0.125,0.325
29,"""You—"" ""I don't have many days left, Bertha... I just want to die happy, in the arms of my wife, but... I don't want you to be too sad.""",0.14,0.0,0.1199999999999999,0.0,0.0,0.0,0.0,0.04,0.0,0.0,0.0,0.0,0.0,0.0,0.0,0.16,0.0,0.2,0.0,0.0,0.0,0.08,0.0,0.0,0.0,0.0,0.0599999999999999,0.0,0.0,0.0,0.02,0.1799999999999999,"""You—"" ""I don't have many days left, Bertha... I just want to die happy, in the arms of my wife, but... I don't want you to be too sad.""",29,"""you—"" ""i don't have many days left, bertha... i just want to die happy, in the arms of my wife, but... i don't want you to be too sad.""",Grief,41.0,0.7317073170731707,1.0,103.67160919540231,1.2006896551724147,0.2,0.625
30,"""I'm not sad."" She snapped harshly, but her voice was little more than a whisper. ""You're still too ignorant. All your property is now in my name."" ""Yes... And the children after you."" ""They won't be yours."" ""I know...""",0.0263,0.0,0.0526,0.0,0.0,0.0,0.1053,0.0,0.0,0.0,0.0,0.0,0.0,0.0,0.0,0.0526,0.0,0.1579,0.0,0.0,0.0,0.0788999999999999,0.2104999999999999,0.1315999999999999,0.0,0.0,0.0,0.0,0.0,0.0001,0.0,0.1842,"""I'm not sad."" She snapped harshly, but her voice was little more than a whisper. ""You're still too ignorant. All your property is now in my name."" ""Yes... And the children after you."" ""They won't be yours."" ""I know...""",30,"""i'm not sad."" she snapped harshly, but her voice was little more than a whisper. ""you're still too ignorant. all your property is now in my name."" ""yes... and the children after you."" ""they won't be yours."" ""i know...""",Anger,8.714285714285714,0.7377049180327869,7.0,96.11442307692309,1.468076923076925,0.090625,0.675
31,"Bertha held him tighter, burying her face in his thin back. It was a known fact for both of them. Dominic was infertile because of the drug for his ailment—or so they say. They tried all they could and eventually gave up. ""Please say you love me..."" He said.",0.1272999999999999,0.0,0.0908999999999999,0.0364,0.0,0.0,0.0,0.0182,0.0,0.1091,0.0,0.0,0.0,0.0,0.0,0.1817999999999999,0.0,0.1635999999999999,0.0,0.0,0.0,0.0544999999999999,0.0,0.0,0.0,0.0,0.0727,0.0,0.0,0.0,0.0,0.1454999999999999,"Bertha held him tighter, burying her face in his thin back. It was a known fact for both of them. Dominic was infertile because of the drug for his ailment—or so they say. They tried all they could and eventually gave up. ""Please say you love me..."" He said.",31,"bertha held him tighter, burying her face in his thin back. it was a known fact for both of them. dominic was infertile because of the drug for his ailment—or so they say. they tried all they could and eventually gave up. ""please say you love me..."" he said.",Love,11.6,0.8103448275862069,5.0,86.39004081632655,3.644244897959183,0.033333333333333326,0.4833333333333334
32,"""Please..."" The rose garden was the first thing about the castle she loved. It was well maintained, cared for with utmost attention. It was dusk... The dying orange-pink hues graced the sky.",0.0869999999999999,0.0,0.0,0.0,0.0,0.0,0.0,0.0,0.1522,0.0651999999999999,0.0,0.0,0.0,0.0,0.0,0.1957,0.0,0.0434999999999999,0.0217,0.1738999999999999,0.0,0.1087,0.0,0.0,0.0,0.0,0.0,0.0,0.0,0.0,0.0217,0.1303999999999999,"""Please..."" The rose garden was the first thing about the castle she loved. It was well maintained, cared for with utmost attention. It was dusk... The dying orange-pink hues graced the sky.",32,"""please..."" the rose garden was the first thing about the castle she loved. it was well maintained, cared for with utmost attention. it was dusk... the dying orange-pink hues graced the sky.",Love,13.333333333333334,0.75,3.0,90.32125,2.6487499999999997,0.5166666666666666,0.6944444444444443
33,"Standing in the midst of roses, she sighed, feeling the breeze on her skin. She owned this... all of this. She had lands and properties—assets that could move an entire state. She could have everything at her feet. All thanks to the Bargainer.",0.0,0.0,0.0,0.0,0.0,0.0,0.0,0.0,0.0357,0.1071,0.0,0.0,0.1784999999999999,0.0,0.1428999999999999,0.0178999999999999,0.0,0.0,0.1607,0.0536,0.0,0.0893,0.0,0.0,0.125,0.0,0.0,0.0,0.0178999999999999,0.0,0.0714,0.0,"Standing in the midst of roses, she sighed, feeling the breeze on her skin. She owned this... all of this. She had lands and properties—assets that could move an entire state. She could have everything at her feet. All thanks to the Bargainer.",33,"standing in the midst of roses, she sighed, feeling the breeze on her skin. she owned this... all of this. she had lands and properties—assets that could move an entire state. she could have everything at her feet. all thanks to the bargainer.",Pride,10.2,0.7058823529411765,5.0,91.35153100775194,2.2980232558139555,0.1,0.4125
34,"Clad in pristine clothing—sharp, black, yet comfortable—she turned to the Bargainer who stood hunched beside her, his cane firm on the soil, his shadow from the dying sun larger than life. ""Here you are... At the top of the world."" He began. He started tapping his cane in a slow rhythm. ""Remember the first time we met?""",0.0,0.0,0.0,0.1943999999999999,0.0,0.0,0.0,0.1111,0.0555999999999999,0.0,0.1666999999999999,0.0,0.1388999999999999,0.0,0.0,0.0,0.0,0.0,0.0,0.0832999999999999,0.0,0.2222,0.0,0.0,0.0,0.0,0.0,0.0,0.0277999999999999,0.0,0.0,0.0,"Clad in pristine clothing—sharp, black, yet comfortable—she turned to the Bargainer who stood hunched beside her, his cane firm on the soil, his shadow from the dying sun larger than life. ""Here you are... At the top of the world."" He began. He started tapping his cane in a slow rhythm. ""Remember the first time we met?""",34,"clad in pristine clothing—sharp, black, yet comfortable—she turned to the bargainer who stood hunched beside her, his cane firm on the soil, his shadow from the dying sun larger than life. ""here you are... at the top of the world."" he began. he started tapping his cane in a slow rhythm. ""remember the first time we met?""",Neutral,14.2,0.7464788732394366,5.0,83.9482105263158,4.382315789473687,0.013888888888888876,0.4277777777777778
35,"She could remember it fully. Fried blonde hair, melted makeup, gaudy clothes, drowning in the rain—she was being chased from the street where she did business.",0.0,0.0,0.0832999999999999,0.0,0.0,0.0,0.0,0.1388999999999999,0.0,0.0,0.0,0.0,0.0,0.0,0.0,0.0,0.0,0.0555999999999999,0.0,0.0,0.1943999999999999,0.1111,0.0277999999999999,0.0,0.0,0.0,0.1666999999999999,0.0,0.0,0.0,0.0,0.2222,"She could remember it fully. Fried blonde hair, melted makeup, gaudy clothes, drowning in the rain—she was being chased from the street where she did business.",35,"she could remember it fully. fried blonde hair, melted makeup, gaudy clothes, drowning in the rain—she was being chased from the street where she did business.",Sadness,15.5,0.8387096774193549,2.0,76.50153846153849,5.818461538461541,0.0,0.0
36,"Bertha was an empty husk. Devoid of light in those black, beautiful eyes. The rain fell heavier than ever, each drop hitting against her skin like stones, fueling her hatred.",0.0,0.0,0.1463,0.0,0.0,0.0,0.0,0.0488,0.0,0.0,0.0,0.0244,0.0,0.0,0.0,0.0,0.0,0.1706999999999999,0.0,0.0,0.0,0.0976,0.2439,0.0,0.0,0.0,0.0732,0.0,0.0,0.0,0.0,0.1950999999999999,"Bertha was an empty husk. Devoid of light in those black, beautiful eyes. The rain fell heavier than ever, each drop hitting against her skin like stones, fueling her hatred.",36,"bertha was an empty husk. devoid of light in those black, beautiful eyes. the rain fell heavier than ever, each drop hitting against her skin like stones, fueling her hatred.",Anger,12.0,0.8611111111111112,3.0,78.24500000000002,4.830000000000002,0.17666666666666667,0.5666666666666667
37,"Just when she contemplated committing atrocities, she felt the rain had stopped. Lifting her smeared face from her knees, her red eyes drifted to the shadow beside her. It was large, too large to be normal. Following the dark clothes, her eyes met a mask. A black velvet mask with no shape, no contour. Oval.",0.0,0.0,0.0,0.0832999999999999,0.0,0.0,0.0,0.2222,0.0,0.0,0.1666999999999999,0.0555999999999999,0.0,0.0277999999999999,0.0,0.0,0.0,0.0,0.0,0.0,0.0,0.1111,0.1388999999999999,0.0,0.0,0.1943999999999999,0.0,0.0,0.0,0.0,0.0,0.0,"Just when she contemplated committing atrocities, she felt the rain had stopped. Lifting her smeared face from her knees, her red eyes drifted to the shadow beside her. It was large, too large to be normal. Following the dark clothes, her eyes met a mask. A black velvet mask with no shape, no contour. Oval.",37,"just when she contemplated committing atrocities, she felt the rain had stopped. lifting her smeared face from her knees, her red eyes drifted to the shadow beside her. it was large, too large to be normal. following the dark clothes, her eyes met a mask. a black velvet mask with no shape, no contour. oval.",Fear,11.0,0.6666666666666666,6.0,83.38272727272728,4.361818181818183,0.03741496598639455,0.348639455782313
38,"""Pretty girls shouldn't be out in the rain."" It said. Its voice clear amidst the downpour. She eyed him with her brow raised and chuckled, not that it was funny. She had finally lost her mind.",0.0,0.0,0.0,0.0,0.0555999999999999,0.0,0.1666999999999999,0.1388999999999999,0.0,0.0,0.0,0.0,0.0,0.2222,0.0,0.0,0.1943999999999999,0.0,0.0,0.0,0.0,0.1111,0.0277999999999999,0.0,0.0,0.0832999999999999,0.0,0.0,0.0,0.0,0.0,0.0,"""Pretty girls shouldn't be out in the rain."" It said. Its voice clear amidst the downpour. She eyed him with her brow raised and chuckled, not that it was funny. She had finally lost her mind.",38,"""pretty girls shouldn't be out in the rain."" it said. its voice clear amidst the downpour. she eyed him with her brow raised and chuckled, not that it was funny. she had finally lost her mind.",Confusion,9.0,0.8222222222222222,5.0,94.30000000000001,2.342222222222226,0.15000000000000002,0.8458333333333333
39,"""Aren't you a lovely thing."" She laughed, leaning against the wall for support before lifting herself off the ground. Now standing, she was fully aware of how tall the creature was. She was quite tall herself, being 5'11"", but she felt like a child facing the monstrosity.",0.0,0.0,0.0,0.0832999999999999,0.0,0.0,0.0277999999999999,0.2222,0.0,0.0,0.0,0.0,0.0,0.1388999999999999,0.0,0.0,0.1666999999999999,0.0,0.0,0.0555999999999999,0.0,0.1111,0.0,0.0,0.0,0.1943999999999999,0.0,0.0,0.0,0.0,0.0,0.0,"""Aren't you a lovely thing."" She laughed, leaning against the wall for support before lifting herself off the ground. Now standing, she was fully aware of how tall the creature was. She was quite tall herself, being 5'11"", but she felt like a child facing the monstrosity.",39,"""aren't you a lovely thing."" she laughed, leaning against the wall for support before lifting herself off the ground. now standing, she was fully aware of how tall the creature was. she was quite tall herself, being 5'11"", but she felt like a child facing the monstrosity.",Fear,14.75,0.6949152542372882,4.0,77.90875,5.311648936170215,0.48333333333333334,0.39999999999999997
40,"""You want a free night? Well, beat it. I quit."" She hissed and threw spit onto the rainy ground. The stranger just stared through the mask as if watching her behavior. They were still under the large black umbrella. It looked expensive, same as his attire and the long cane which he held in his left hand, supporting his crouch.",0.0,0.0,0.0,0.0,0.1935,0.2258,0.0967999999999999,0.0645,0.0,0.0,0.0323,0.0,0.0,0.0,0.0,0.0,0.0,0.0,0.0,0.0,0.0,0.129,0.2580999999999999,0.0,0.0,0.0,0.0,0.0,0.0,0.0,0.0,0.0,"""You want a free night? Well, beat it. I quit."" She hissed and threw spit onto the rainy ground. The stranger just stared through the mask as if watching her behavior. They were still under the large black umbrella. It looked expensive, same as his attire and the long cane which he held in his left hand, supporting his crouch.",40,"""you want a free night? well, beat it. i quit."" she hissed and threw spit onto the rainy ground. the stranger just stared through the mask as if watching her behavior. they were still under the large black umbrella. it looked expensive, same as his attire and the long cane which he held in his left hand, supporting his crouch.",Anger,10.285714285714286,0.7777777777777778,7.0,90.935,3.0599999999999987,0.018452380952380963,0.39211309523809523
41,"Just as she was about to leave, she heard his voice. ""I can get you everything you desire."" The alley was silent, so silent she heard her own breath. Everything she desired? Recalling those memories was painful, considering what she did to get to the top, the things she sacrificed.",0.0,0.0,0.0256,0.0512999999999999,0.0,0.0,0.0,0.0768999999999999,0.0,0.2051,0.1537999999999999,0.0,0.0,0.0,0.0,0.0,0.0,0.0,0.0,0.0,0.0,0.0768999999999999,0.0,0.0,0.0,0.1794999999999999,0.1025999999999999,0.0,0.0,0.0001,0.0,0.1282,"Just as she was about to leave, she heard his voice. ""I can get you everything you desire."" The alley was silent, so silent she heard her own breath. Everything she desired? Recalling those memories was painful, considering what she did to get to the top, the things she sacrificed.",41,"just as she was about to leave, she heard his voice. ""i can get you everything you desire."" the alley was silent, so silent she heard her own breath. everything she desired? recalling those memories was painful, considering what she did to get to the top, the things she sacrificed.",Desire,12.2,0.639344262295082,5.0,74.86100000000002,5.302000000000003,0.08,0.52
42,"The Bargainer had stayed true to his word, giving her everything she had wanted. Now she was in the beautiful garden of her own estate, talking to the same Bargainer, but the situation was different yet the same. A condition must be met.",0.0,0.0,0.0,0.1666999999999999,0.0,0.0,0.0,0.0333,0.0333,0.1,0.0,0.0,0.0,0.0,0.2666999999999999,0.0,0.0,0.0,0.0,0.0,0.0,0.2,0.0,0.0,0.0,0.0666999999999999,0.0,0.1333,0.0,0.0,0.0,0.0,"The Bargainer had stayed true to his word, giving her everything she had wanted. Now she was in the beautiful garden of her own estate, talking to the same Bargainer, but the situation was different yet the same. A condition must be met.",42,"the bargainer had stayed true to his word, giving her everything she had wanted. now she was in the beautiful garden of her own estate, talking to the same bargainer, but the situation was different yet the same. a condition must be met.",Gratitude,16.333333333333332,0.6938775510204082,3.0,68.33782945736438,7.288372093023256,0.3,0.5833333333333334
43,"""Nothing in this world comes free."" She muttered. The sun had already set. They had been standing for thirty minutes. ""Ever wondered about the cycle of the sun?"" He questioned. She glanced at him.",0.0,0.0,0.0555999999999999,0.1943999999999999,0.0,0.0,0.0,0.1111,0.0,0.0,0.1666999999999999,0.0,0.0,0.0277999999999999,0.0,0.0,0.0,0.0,0.0,0.0,0.0,0.1388999999999999,0.0,0.0,0.0,0.0,0.0,0.2222,0.0,0.0,0.0,0.0832999999999999,"""Nothing in this world comes free."" She muttered. The sun had already set. They had been standing for thirty minutes. ""Ever wondered about the cycle of the sun?"" He questioned. She glanced at him.",43,"""nothing in this world comes free."" she muttered. the sun had already set. they had been standing for thirty minutes. ""ever wondered about the cycle of the sun?"" he questioned. she glanced at him.",Realization,6.428571428571429,0.7333333333333333,7.0,85.47417647058826,3.0267058823529425,0.4,0.8
44,"""It is already predestined. Rises by dawn, falls by dusk."" It was how it worked; it was just the order. The Bargainer nodded in approval. ""Still the same. No matter the centuries, the millennia that passed. The human life is too short, but each lifetime starts with dawn and ends with dusk.""",0.0,0.0,0.0,0.0,0.0,0.0,0.0,0.0625,0.2187999999999999,0.0,0.0937999999999999,0.0,0.0,0.0,0.0,0.0,0.0,0.0,0.0,0.0313,0.0,0.2497999999999999,0.0,0.0,0.0,0.0,0.0,0.1875,0.0,0.0,0.0,0.1562999999999999,"""It is already predestined. Rises by dawn, falls by dusk."" It was how it worked; it was just the order. The Bargainer nodded in approval. ""Still the same. No matter the centuries, the millennia that passed. The human life is too short, but each lifetime starts with dawn and ends with dusk.""",44,"""it is already predestined. rises by dawn, falls by dusk."" it was how it worked; it was just the order. the bargainer nodded in approval. ""still the same. no matter the centuries, the millennia that passed. the human life is too short, but each lifetime starts with dawn and ends with dusk.""",Neutral,9.571428571428571,0.6417910447761194,7.0,83.78346153846157,3.418681318681319,0.0,0.17500000000000002
45,"""Dusk."" ""Yes, I'm afraid your dusk is coming. Be prepared."" Her heart beat loudly against her chest. Shifting back, she glared at the Bargainer. How could she not understand what he was saying?",0.0,0.0,0.0544999999999999,0.1635999999999999,0.0,0.0,0.0,0.1817999999999999,0.0,0.0,0.0182,0.0,0.0,0.1272999999999999,0.0,0.0,0.0,0.0,0.0,0.0,0.0,0.0364,0.1454999999999999,0.0,0.0,0.1091,0.0,0.0908999999999999,0.0,0.0,0.0,0.0727,"""Dusk."" ""Yes, I'm afraid your dusk is coming. Be prepared."" Her heart beat loudly against her chest. Shifting back, she glared at the Bargainer. How could she not understand what he was saying?",45,"""dusk."" ""yes, i'm afraid your dusk is coming. be prepared."" her heart beat loudly against her chest. shifting back, she glared at the bargainer. how could she not understand what he was saying?",Fear,7.666666666666667,0.782608695652174,6.0,85.66125000000002,3.3608333333333356,-0.16666666666666666,0.5666666666666668
46,"""Watch your words..."" Bertha hissed through gritted teeth. How could that be? It was just too soon. If she left, who would inherit all this? All the wealth she had accumulated over the years?",0.0,0.0,0.0391999999999999,0.098,0.1569,0.0,0.0,0.1764999999999999,0.0,0.1175999999999999,0.0,0.0,0.0,0.0195999999999999,0.0,0.0,0.0,0.0,0.0,0.0,0.0,0.0587999999999999,0.1960999999999999,0.0,0.0,0.0,0.0,0.0,0.0,0.0,0.0,0.1373,"""Watch your words..."" Bertha hissed through gritted teeth. How could that be? It was just too soon. If she left, who would inherit all this? All the wealth she had accumulated over the years?",46,"""watch your words..."" bertha hissed through gritted teeth. how could that be? it was just too soon. if she left, who would inherit all this? all the wealth she had accumulated over the years?",Anger,8.6,0.8604651162790697,5.0,94.08921568627453,1.5435294117647054,0.0,0.0
47,"The Bargainer chuckled as soon as he heard her words. People always seemed to forget where they came from after tasting wealth. It was still the same, regardless of the time that passed. Centuries? Millennia? It didn't matter.",0.0,0.0,0.0,0.0,0.0,0.2222,0.1111,0.0,0.0,0.0,0.0,0.0,0.0277999999999999,0.0,0.0,0.0,0.1943999999999999,0.0,0.0,0.0,0.0,0.1666999999999999,0.0555999999999999,0.1388999999999999,0.0,0.0,0.0,0.0832999999999999,0.0,0.0,0.0,0.0,"The Bargainer chuckled as soon as he heard her words. People always seemed to forget where they came from after tasting wealth. It was still the same, regardless of the time that passed. Centuries? Millennia? It didn't matter.",47,"the bargainer chuckled as soon as he heard her words. people always seemed to forget where they came from after tasting wealth. it was still the same, regardless of the time that passed. centuries? millennia? it didn't matter.",Contempt,7.666666666666667,0.8260869565217391,6.0,74.74513157894737,5.193947368421053,0.0,0.125
48,"""My words have never changed. You asked for the condition and I laid it. Enjoy the time you have left."" He planted his cane down, stopping the rhythm that had been going on, the rhythm Bertha had grown to fear.",0.0,0.0,0.16,0.1199999999999999,0.02,0.0,0.0,0.2,0.0,0.0,0.0,0.0,0.0,0.0,0.0,0.0,0.0,0.0,0.0,0.0,0.0,0.08,0.1799999999999999,0.0,0.0,0.0,0.0599999999999999,0.04,0.0,0.0,0.0,0.14,"""My words have never changed. You asked for the condition and I laid it. Enjoy the time you have left."" He planted his cane down, stopping the rhythm that had been going on, the rhythm Bertha had grown to fear.",48,"""my words have never changed. you asked for the condition and i laid it. enjoy the time you have left."" he planted his cane down, stopping the rhythm that had been going on, the rhythm bertha had grown to fear.",Fear,12.0,0.7708333333333334,4.0,90.935,3.0599999999999987,0.08148148148148147,0.262962962962963
49,"She watched as he went away, slowly as he came. Shutting her eyes, she took a deep breath, trying to calm herself. Bertha couldn't sleep that night. She was still in the rose garden, still in her work clothes. Her dark eyes gazed through the woods under the moonlight.",0.0,0.0,0.0832999999999999,0.1943999999999999,0.0,0.0,0.0,0.2222,0.0,0.0,0.0,0.0,0.0,0.0,0.0,0.0,0.0,0.0555999999999999,0.0,0.0,0.0,0.1111,0.0,0.0,0.1388999999999999,0.0,0.0277999999999999,0.0,0.0,0.0,0.0,0.1666999999999999,"She watched as he went away, slowly as he came. Shutting her eyes, she took a deep breath, trying to calm herself. Bertha couldn't sleep that night. She was still in the rose garden, still in her work clothes. Her dark eyes gazed through the woods under the moonlight.",49,"she watched as he went away, slowly as he came. shutting her eyes, she took a deep breath, trying to calm herself. bertha couldn't sleep that night. she was still in the rose garden, still in her work clothes. her dark eyes gazed through the woods under the moonlight.",Fear,11.8,0.6949152542372882,5.0,95.02269387755103,2.440163265306122,0.09,0.58
50,"Sitting on a stone pavement, she was in deep thought. She didn't want to die. She wanted to live. She was only 28. Puffing the cigar from her nose, she ruffled her black hair. She needed a plan. She needed to leave the country, the continent if need be, so they wouldn't find her.",0.0,0.0,0.0,0.1489,0.0,0.0,0.0,0.2127,0.0,0.1915,0.0212999999999999,0.0,0.0,0.0,0.0,0.0,0.0,0.0,0.0,0.0,0.0,0.0850999999999999,0.0637999999999999,0.0,0.0,0.0,0.0425999999999999,0.0,0.0,0.0,0.1063999999999999,0.1277,"Sitting on a stone pavement, she was in deep thought. She didn't want to die. She wanted to live. She was only 28. Puffing the cigar from her nose, she ruffled her black hair. She needed a plan. She needed to leave the country, the continent if need be, so they wouldn't find her.",50,"sitting on a stone pavement, she was in deep thought. she didn't want to die. she wanted to live. she was only 28. puffing the cigar from her nose, she ruffled her black hair. she needed a plan. she needed to leave the country, the continent if need be, so they wouldn't find her.",Fear,11.0,0.6363636363636364,6.0,92.47166666666666,2.27783068783069,-0.007575757575757576,0.5833333333333333
51,"Alone in the rose garden, she contemplated the identity of the Bargainer. She had never seen his face underneath that mask. Never seen him anywhere else except when he came to meet her. His entire existence was a mystery to her.",0.0,0.0,0.0,0.1713999999999999,0.0,0.0,0.0,0.1142999999999999,0.0,0.0,0.2285999999999999,0.0,0.0,0.2,0.0,0.0,0.0,0.0,0.0,0.0,0.0,0.1428999999999999,0.0,0.0,0.0,0.0856999999999999,0.0,0.0,0.0,0.0,0.0,0.0570999999999999,"Alone in the rose garden, she contemplated the identity of the Bargainer. She had never seen his face underneath that mask. Never seen him anywhere else except when he came to meet her. His entire existence was a mystery to her.",51,"alone in the rose garden, she contemplated the identity of the bargainer. she had never seen his face underneath that mask. never seen him anywhere else except when he came to meet her. his entire existence was a mystery to her.",Curiosity,11.5,0.7608695652173914,4.0,64.37271341463415,6.827012195121952,0.3,0.7875
52,"Since that night under the rain, her life had changed. She had been a prostitute, wasted goods. She had been robbed and beaten that night. Being the least beautiful among the girls in the same profession, she had been the least favored.",0.0,0.0,0.1590999999999999,0.0,0.0,0.0,0.0,0.0454999999999999,0.0,0.0,0.0,0.0,0.0,0.0,0.0,0.0,0.0,0.1817999999999999,0.0,0.0,0.0681999999999999,0.0908999999999999,0.1136,0.0,0.0,0.0,0.1363999999999999,0.0,0.0,0.0,0.0,0.2044999999999999,"Since that night under the rain, her life had changed. She had been a prostitute, wasted goods. She had been robbed and beaten that night. Being the least beautiful among the girls in the same profession, she had been the least favored.",52,"since that night under the rain, her life had changed. she had been a prostitute, wasted goods. she had been robbed and beaten that night. being the least beautiful among the girls in the same profession, she had been the least favored.",Sadness,12.25,0.6122448979591837,4.0,87.40607142857144,3.6764285714285734,0.1416666666666667,0.47083333333333327
53,She got everything she wanted in the end. Revenge? She paid them back every coin. Properties and assets? She got them through her late husband. This magnificent castle? She got it.,0.0,0.0,0.0,0.0,0.0,0.0,0.0,0.0,0.0323,0.0967999999999999,0.0,0.0,0.258,0.0,0.0,0.0,0.0,0.0,0.2258,0.0323,0.0,0.129,0.0,0.0,0.1612999999999999,0.0,0.0,0.0,0.0,0.0,0.0645,0.0,She got everything she wanted in the end. Revenge? She paid them back every coin. Properties and assets? She got them through her late husband. This magnificent castle? She got it.,53,she got everything she wanted in the end. revenge? she paid them back every coin. properties and assets? she got them through her late husband. this magnificent castle? she got it.,Pride,5.428571428571429,0.6842105263157895,7.0,78.78438172043012,3.5540322580645167,0.2333333333333333,0.5333333333333333
54,"But it didn't come without a price, as she had thought. The price was too much. She valued her life, her goods.",0.0,0.0,0.2222,0.0277999999999999,0.0,0.0,0.0,0.1943999999999999,0.0,0.0,0.0,0.0,0.0,0.0,0.0,0.0,0.0,0.0,0.0,0.0,0.0,0.0832999999999999,0.0555999999999999,0.0,0.0,0.0,0.1111,0.1388999999999999,0.0,0.0,0.0,0.1666999999999999,"But it didn't come without a price, as she had thought. The price was too much. She valued her life, her goods.",54,"but it didn't come without a price, as she had thought. the price was too much. she valued her life, her goods.",Disappointment,9.333333333333334,0.7857142857142857,3.0,103.25530303030304,0.6790909090909132,0.2,0.2
55,"Lifting herself off the stone pavement, she strolled back into the castle. She had a plan in mind, and she would see it through to the end. She would not die like this. She would prevent her dusk from happening.",0.0,0.0,0.0,0.0,0.0,0.0,0.0,0.25,0.0,0.0714,0.0,0.0,0.0357,0.0,0.0,0.0,0.0,0.0,0.0,0.0,0.0,0.1428999999999999,0.1071,0.0,0.0,0.0,0.0,0.0,0.1786,0.0,0.2142999999999999,0.0,"Lifting herself off the stone pavement, she strolled back into the castle. She had a plan in mind, and she would see it through to the end. She would not die like this. She would prevent her dusk from happening.",55,"lifting herself off the stone pavement, she strolled back into the castle. she had a plan in mind, and she would see it through to the end. she would not die like this. she would prevent her dusk from happening.",Fear,11.5,0.7391304347826086,4.0,95.165,2.4700000000000024,0.0,0.0
56,"Bertha had always been the bitter child. Even as a little girl at the orphanage, everyone knew her with a frown on her little face. That nature grew with her and cost her many things. Ungrateful, greedy, selfish... Those were the words that followed her into adulthood, the words she built around herself as a fortress.",0.0,0.0,0.0856999999999999,0.0,0.0,0.0,0.0,0.0,0.0,0.0,0.0,0.0,0.1142999999999999,0.0,0.0,0.0,0.0,0.0,0.0,0.0,0.0,0.1713999999999999,0.1428999999999999,0.2,0.0,0.0,0.0570999999999999,0.0,0.0,0.0,0.0,0.2285999999999999,"Bertha had always been the bitter child. Even as a little girl at the orphanage, everyone knew her with a frown on her little face. That nature grew with her and cost her many things. Ungrateful, greedy, selfish... Those were the words that followed her into adulthood, the words she built around herself as a fortress.",56,"bertha had always been the bitter child. even as a little girl at the orphanage, everyone knew her with a frown on her little face. that nature grew with her and cost her many things. ungrateful, greedy, selfish... those were the words that followed her into adulthood, the words she built around herself as a fortress.",Sadness,16.25,0.6923076923076923,4.0,76.12057142857144,5.424428571428571,-0.095,0.6
57,"Kicked out of the orphanage because she was too old to stay and be adopted, she tried many ways of living. She dropped out of secondary school and began working as a cleaner behind bars. Nobody wanted to see her face; they said it would scare the customers away.",0.0,0.0,0.1943999999999999,0.0,0.0,0.0,0.0,0.0277999999999999,0.0,0.0,0.0,0.0,0.0,0.0,0.0,0.0,0.0,0.0,0.0,0.0,0.0832999999999999,0.1388999999999999,0.1666999999999999,0.0555999999999999,0.0,0.0,0.1111,0.0,0.0,0.0,0.0,0.2222,"Kicked out of the orphanage because she was too old to stay and be adopted, she tried many ways of living. She dropped out of secondary school and began working as a cleaner behind bars. Nobody wanted to see her face; they said it would scare the customers away.",57,"kicked out of the orphanage because she was too old to stay and be adopted, she tried many ways of living. she dropped out of secondary school and began working as a cleaner behind bars. nobody wanted to see her face; they said it would scare the customers away.",Sadness,18.0,0.8148148148148148,3.0,71.12605442176874,7.396326530612246,-0.02500000000000001,0.425
58,"She was eventually kicked out because of her attitude, her nonchalance. Roaming the streets, she was caught in a series of unfortunate events before ultimately staying on the road, looking for anyone who would trade money for her body. She fried her black hair blonde, put on the heaviest makeup, wore the lightest clothes—even in cold weather.",0.0,0.0,0.2069,0.0,0.0,0.0,0.0,0.0,0.0,0.1378999999999999,0.0,0.0,0.0,0.0,0.0,0.0,0.0,0.0,0.0,0.0,0.0345,0.1723999999999999,0.069,0.0,0.0,0.0,0.1034,0.0,0.0,0.0,0.0,0.2758999999999999,"She was eventually kicked out because of her attitude, her nonchalance. Roaming the streets, she was caught in a series of unfortunate events before ultimately staying on the road, looking for anyone who would trade money for her body. She fried her black hair blonde, put on the heaviest makeup, wore the lightest clothes—even in cold weather.",58,"she was eventually kicked out because of her attitude, her nonchalance. roaming the streets, she was caught in a series of unfortunate events before ultimately staying on the road, looking for anyone who would trade money for her body. she fried her black hair blonde, put on the heaviest makeup, wore the lightest clothes—even in cold weather.",Sadness,21.666666666666668,0.7076923076923077,3.0,55.45526315789476,10.244561403508772,-0.2533333333333333,0.6866666666666668
59,"There was nothing she wouldn't do for money. And then, at her lowest, the Bargainer came. Offered a deal too good to resist, and gave her a life too good to be true. Well, almost too good. Now, sitting at her chiffonier, cleaning her face, she looked at her features once again. Low cheekbones, thin lips, eyes larger than their sockets. She was less than beautiful, far less.",0.0,0.0,0.2069,0.0,0.0,0.0,0.0,0.0345,0.0,0.2758999999999999,0.0,0.0,0.0,0.0,0.0,0.0,0.0,0.0,0.0,0.0,0.0,0.1378999999999999,0.0,0.0,0.1034,0.0,0.069,0.0,0.0,0.0,0.0,0.1723999999999999,"There was nothing she wouldn't do for money. And then, at her lowest, the Bargainer came. Offered a deal too good to resist, and gave her a life too good to be true. Well, almost too good. Now, sitting at her chiffonier, cleaning her face, she looked at her features once again. Low cheekbones, thin lips, eyes larger than their sockets. She was less than beautiful, far less.",59,"there was nothing she wouldn't do for money. and then, at her lowest, the bargainer came. offered a deal too good to resist, and gave her a life too good to be true. well, almost too good. now, sitting at her chiffonier, cleaning her face, she looked at her features once again. low cheekbones, thin lips, eyes larger than their sockets. she was less than beautiful, far less.",Desire,12.285714285714286,0.6162790697674418,7.0,88.7367647058824,3.295630252100839,0.24242424242424246,0.5666666666666665
60,"Yet Dominic saw her... treasured her, even knowing what she was truly after. He was the only one in a long, very long time who called her name with tenderness. ""Bertha..."" Please say you love me...",0.1091,0.0,0.0182,0.0,0.0,0.0,0.0,0.0,0.0,0.0908999999999999,0.0,0.0,0.0,0.0,0.1635999999999999,0.1817999999999999,0.0,0.1272999999999999,0.0,0.0544999999999999,0.0,0.0727,0.0,0.0,0.0,0.0,0.0364,0.0,0.0,0.0,0.0,0.1454999999999999,"Yet Dominic saw her... treasured her, even knowing what she was truly after. He was the only one in a long, very long time who called her name with tenderness. ""Bertha..."" Please say you love me...",60,"yet dominic saw her... treasured her, even knowing what she was truly after. he was the only one in a long, very long time who called her name with tenderness. ""bertha..."" please say you love me...",Love,15.0,0.8222222222222222,3.0,84.90000000000003,3.653333333333336,0.09625,0.63
61,"Those were his last words. Young master Dominic Von Aine, the sickly man who had the world at his feet, had pleaded with a former prostitute. Was he happy and healthy in heaven? She wouldn't know, because she was going to hell.",0.0,0.0,0.0768999999999999,0.0,0.0,0.0,0.0,0.0512999999999999,0.0,0.0,0.0,0.0,0.0,0.0,0.0,0.1025999999999999,0.0,0.2308,0.0,0.0,0.0,0.1282,0.0256,0.0,0.0,0.0,0.1794999999999999,0.0,0.0,0.0,0.0,0.2051,"Those were his last words. Young master Dominic Von Aine, the sickly man who had the world at his feet, had pleaded with a former prostitute. Was he happy and healthy in heaven? She wouldn't know, because she was going to hell.",61,"those were his last words. young master dominic von aine, the sickly man who had the world at his feet, had pleaded with a former prostitute. was he happy and healthy in heaven? she wouldn't know, because she was going to hell.",Grief,12.5,0.82,4.0,83.37750000000003,4.238333333333333,0.11428571428571428,0.4706349206349206
62,"Applying her red lipstick, she stood up, walked with her luggage, placing her black hat perfectly on her head, not a millimeter wrong. She didn't allow any help carrying her luggage as she wheeled it herself down the steps. The servants lined up, all neat and perfect.",0.0,0.0,0.0,0.0,0.0,0.0,0.0,0.0,0.1303999999999999,0.0869999999999999,0.0,0.0,0.3043,0.0,0.0,0.0,0.0,0.0,0.0,0.0434999999999999,0.0,0.2609,0.0,0.0,0.0,0.0,0.0,0.0,0.1738999999999999,0.0,0.0,0.0,"Applying her red lipstick, she stood up, walked with her luggage, placing her black hat perfectly on her head, not a millimeter wrong. She didn't allow any help carrying her luggage as she wheeled it herself down the steps. The servants lined up, all neat and perfect.",62,"applying her red lipstick, she stood up, walked with her luggage, placing her black hat perfectly on her head, not a millimeter wrong. she didn't allow any help carrying her luggage as she wheeled it herself down the steps. the servants lined up, all neat and perfect.",Pride,18.666666666666668,0.7321428571428571,3.0,72.13333333333334,7.090212765957446,0.1962962962962963,0.6037037037037037
63,"The hangar wasn't too far away, but too far to walk. Entering the sleek black car, she drove to the castle's hangar. There weren't any jets there because they would occupy too much space. Most of the helicopters were hers. Offloading her luggage, she sat in the back seat. The pilots were on standby, and soon they were in the air.",0.0,0.0,0.0,0.0,0.0,0.0,0.0,0.0,0.0526,0.2631999999999999,0.0,0.0,0.0,0.0,0.0,0.0,0.0,0.0,0.0,0.0,0.0,0.5262999999999999,0.0,0.0,0.0,0.0,0.0,0.0,0.1579,0.0,0.0,0.0,"The hangar wasn't too far away, but too far to walk. Entering the sleek black car, she drove to the castle's hangar. There weren't any jets there because they would occupy too much space. Most of the helicopters were hers. Offloading her luggage, she sat in the back seat. The pilots were on standby, and soon they were in the air.",63,"the hangar wasn't too far away, but too far to walk. entering the sleek black car, she drove to the castle's hangar. there weren't any jets there because they would occupy too much space. most of the helicopters were hers. offloading her luggage, she sat in the back seat. the pilots were on standby, and soon they were in the air.",Neutral,12.333333333333334,0.6351351351351351,6.0,84.17812841530058,4.043852459016396,0.12222222222222223,0.5222222222222223
64,"The view of the castle was magnificent. It stretched far and wide. It was such a pity that castle came with her life. Coming back to the Von Aine mansion wasn't her intention. Not that she despised her ended marriage—no; it was seemingly worse than that. The mansion was well maintained, beautiful, yet still minimalistic. It was many times smaller than the Montante castle, but it was where she had spent the last five years.",0.0,0.0,0.1892,0.0,0.0269999999999999,0.0,0.0,0.0,0.0269999999999999,0.0,0.0,0.0,0.0,0.0,0.0,0.0811,0.0,0.1350999999999999,0.0,0.1622,0.0,0.1081,0.0,0.0,0.0,0.0,0.0541,0.0,0.0,0.0,0.0,0.2162,"The view of the castle was magnificent. It stretched far and wide. It was such a pity that castle came with her life. Coming back to the Von Aine mansion wasn't her intention. Not that she despised her ended marriage—no; it was seemingly worse than that. The mansion was well maintained, beautiful, yet still minimalistic. It was many times smaller than the Montante castle, but it was where she had spent the last five years.",64,"the view of the castle was magnificent. it stretched far and wide. it was such a pity that castle came with her life. coming back to the von aine mansion wasn't her intention. not that she despised her ended marriage—no; it was seemingly worse than that. the mansion was well maintained, beautiful, yet still minimalistic. it was many times smaller than the montante castle, but it was where she had spent the last five years.",Sadness,12.428571428571429,0.632183908045977,7.0,78.64800000000001,4.9512380952381,0.13076923076923078,0.45128205128205123
65,"How did she get into marriage with Dominic? It wasn't like some typical maid-cleaning-story cliché. She came in full force and demanded marriage. He had made a deal with the Bargainer to take care of some people who were after his money. That was when she knew he wasn't as innocent as his first impression—sitting in the garden, wearing light clothes with a smile as he watched the butterflies.",0.0,0.0,0.0,0.0,0.0,0.0,0.0,0.0,0.0,0.0,0.2424,0.0,0.0,0.0,0.0,0.0,0.0,0.0,0.0,0.0,0.0,0.1212,0.0606,0.1514999999999999,0.0,0.2121,0.0,0.1817999999999999,0.0303,0.0001,0.0,0.0,"How did she get into marriage with Dominic? It wasn't like some typical maid-cleaning-story cliché. She came in full force and demanded marriage. He had made a deal with the Bargainer to take care of some people who were after his money. That was when she knew he wasn't as innocent as his first impression—sitting in the garden, wearing light clothes with a smile as he watched the butterflies.",65,"how did she get into marriage with dominic? it wasn't like some typical maid-cleaning-story cliché. she came in full force and demanded marriage. he had made a deal with the bargainer to take care of some people who were after his money. that was when she knew he wasn't as innocent as his first impression—sitting in the garden, wearing light clothes with a smile as he watched the butterflies.",Curiosity,15.4,0.7272727272727273,5.0,72.67147826086956,6.551420289855077,0.27222222222222225,0.48055555555555557
66,"He was her contract. He knew he wouldn't live long. According to him, it was a miracle he'd lived this long. When she asked about his relatives on their wedding day—as no one came to the simple yet lavish hall except for housekeepers and his medical help—he replied:",0.0277999999999999,0.0,0.1388999999999999,0.0,0.0,0.0,0.0,0.0,0.0,0.0,0.1111,0.0,0.0,0.0,0.0,0.0555999999999999,0.0,0.1666999999999999,0.0,0.0,0.0,0.2222,0.0,0.0,0.0,0.0,0.0,0.0832999999999999,0.0,0.0,0.0,0.1943999999999999,"He was her contract. He knew he wouldn't live long. According to him, it was a miracle he'd lived this long. When she asked about his relatives on their wedding day—as no one came to the simple yet lavish hall except for housekeepers and his medical help—he replied:",66,"he was her contract. he knew he wouldn't live long. according to him, it was a miracle he'd lived this long. when she asked about his relatives on their wedding day—as no one came to the simple yet lavish hall except for housekeepers and his medical help—he replied:",Neutral,13.75,0.8363636363636363,4.0,78.33000000000001,5.315000000000001,0.007272727272727269,0.33142857142857146
67,"""You are my only family, dear..."" And they married. Lived for five years before his body failed him and he passed away. She fortified the mansion, hiring the best bodyguards she could lay her hands on. She could never forget the Bargainer's words.",0.1163,0.0,0.0,0.0929999999999999,0.0,0.0,0.0,0.1395,0.0,0.0,0.0,0.0,0.0,0.0,0.0233,0.2093,0.0,0.1859999999999999,0.0,0.0,0.0,0.0698,0.0,0.0,0.0,0.0,0.0,0.0,0.0,0.0,0.0,0.1628,"""You are my only family, dear..."" And they married. Lived for five years before his body failed him and he passed away. She fortified the mansion, hiring the best bodyguards she could lay her hands on. She could never forget the Bargainer's words.",67,"""you are my only family, dear..."" and they married. lived for five years before his body failed him and he passed away. she fortified the mansion, hiring the best bodyguards she could lay her hands on. she could never forget the bargainer's words.",Love,13.25,0.8113207547169812,4.0,80.05948837209303,4.229116279069768,0.1875,0.4625
68,"Her dusk was coming. Taking a deep breath, she caressed the framed picture in her hand. It was Dominic as a child—slightly healthier, but still paler than normal. His lifelong disease had marked him young.",0.0811,0.0,0.0269999999999999,0.1350999999999999,0.0,0.0,0.0,0.2162,0.0,0.0,0.0,0.0,0.0,0.0,0.0,0.0541,0.0,0.1622,0.0,0.0,0.0,0.1081,0.0,0.0,0.0,0.0,0.0269999999999999,0.0,0.0,0.0,0.0,0.1892,"Her dusk was coming. Taking a deep breath, she caressed the framed picture in her hand. It was Dominic as a child—slightly healthier, but still paler than normal. His lifelong disease had marked him young.",68,"her dusk was coming. taking a deep breath, she caressed the framed picture in her hand. it was dominic as a child—slightly healthier, but still paler than normal. his lifelong disease had marked him young.",Fear,10.25,0.8292682926829268,4.0,79.51375000000003,4.342500000000001,0.05,0.53
69,"The mansion stood in perfect order, every photo, every vase preserved as on the day he died. ""Madam."" A voice called from behind. Her black eyes drifted to the doorway. The head bodyguard stood waiting. ""Any problems?"" she asked.",0.0,0.0,0.0,0.2083,0.0,0.0,0.0,0.125,0.0,0.0,0.1666999999999999,0.0,0.0,0.0,0.0,0.0,0.0,0.0,0.0,0.0,0.0,0.4167,0.0,0.0,0.0,0.0,0.0,0.0,0.0,0.0,0.0,0.0832999999999999,"The mansion stood in perfect order, every photo, every vase preserved as on the day he died. ""Madam."" A voice called from behind. Her black eyes drifted to the doorway. The head bodyguard stood waiting. ""Any problems?"" she asked.",69,"the mansion stood in perfect order, every photo, every vase preserved as on the day he died. ""madam."" a voice called from behind. her black eyes drifted to the doorway. the head bodyguard stood waiting. ""any problems?"" she asked.",Neutral,7.428571428571429,0.75,7.0,73.29259615384616,5.458653846153847,0.14444444444444446,0.7111111111111111
70,"""No, ma'am. Everyone is on guard.”. ""Good."" The guard left. Alone again, she noticed how much warmer this room felt than the castle, despite its sparse furnishings.",0.0,0.0,0.0,0.0,0.0,0.0,0.0,0.1071,0.2142999999999999,0.0,0.0,0.0,0.0,0.0,0.0,0.0,0.0,0.0,0.0,0.0,0.0,0.2857,0.0,0.0,0.25,0.0,0.0,0.0,0.0,0.0,0.0,0.1428999999999999,"""No, ma'am. Everyone is on guard.”. ""Good."" The guard left. Alone again, she noticed how much warmer this room felt than the castle, despite its sparse furnishings.",70,"""no, ma'am. everyone is on guard.”. ""good."" the guard left. alone again, she noticed how much warmer this room felt than the castle, despite its sparse furnishings.",Neutral,7.8,0.7948717948717948,5.0,81.76666666666668,4.090370370370373,0.3,0.26666666666666666
71,"The sun set faster than Bertha expected. In her study, her hands gripped the chair arms until her knuckles threatened to split. The air hung thick despite the purifier humming in the corner. Dark bruises shadowed her eyes—two nights without sleep.",0.0,0.0,0.0952,0.2142999999999999,0.0,0.0,0.0,0.2381,0.0,0.0,0.0,0.0,0.0,0.0,0.0,0.0,0.0,0.0238,0.0,0.0,0.0,0.1189999999999999,0.0476,0.0,0.0,0.0,0.0714,0.0,0.0,0.0001,0.0,0.1905,"The sun set faster than Bertha expected. In her study, her hands gripped the chair arms until her knuckles threatened to split. The air hung thick despite the purifier humming in the corner. Dark bruises shadowed her eyes—two nights without sleep.",71,"the sun set faster than bertha expected. in her study, her hands gripped the chair arms until her knuckles threatened to split. the air hung thick despite the purifier humming in the corner. dark bruises shadowed her eyes—two nights without sleep.",Fear,11.5,0.7608695652173914,4.0,72.62637195121953,5.675792682926829,-0.18333333333333335,0.425
72,"She shouldn't have made that deal. Should have stopped when she had everything. But she'd traded sanity for wealth, empathy for power... even her womb for this gilded cage. Now he wanted her life? Rising abruptly, she lit a cigar from her desk drawer and stalked to the window. The sun bled out, orange and pink fading to bruised purple.",0.0,0.0,0.1223999999999999,0.0611999999999999,0.0,0.0,0.0,0.1837,0.0,0.0,0.0,0.0,0.0,0.0,0.0,0.0,0.0,0.0408,0.0,0.0,0.0,0.0816,0.1633,0.0,0.0,0.0,0.2041,0.0,0.0,0.0,0.0,0.1428999999999999,"She shouldn't have made that deal. Should have stopped when she had everything. But she'd traded sanity for wealth, empathy for power... even her womb for this gilded cage. Now he wanted her life? Rising abruptly, she lit a cigar from her desk drawer and stalked to the window. The sun bled out, orange and pink fading to bruised purple.",72,"she shouldn't have made that deal. should have stopped when she had everything. but she'd traded sanity for wealth, empathy for power... even her womb for this gilded cage. now he wanted her life? rising abruptly, she lit a cigar from her desk drawer and stalked to the window. the sun bled out, orange and pink fading to bruised purple.",Remorse,12.0,0.75,6.0,85.33500000000004,3.486190476190476,-0.1125,0.65
73,"""Where would I be?"" she murmured, laughing bitterly as she tapped ash onto the floor. The smoke curled from her lips with her sigh. ""Doesn't matter anyway."" A voice answered from the darkness behind her.",0.0,0.0,0.0832999999999999,0.0277999999999999,0.0,0.0,0.1666999999999999,0.1388999999999999,0.0,0.0,0.0,0.0,0.0,0.0,0.0,0.0,0.0,0.0,0.0,0.0,0.0,0.1111,0.1943999999999999,0.0,0.0,0.0,0.0555999999999999,0.0,0.0,0.0,0.0,0.2222,"""Where would I be?"" she murmured, laughing bitterly as she tapped ash onto the floor. The smoke curled from her lips with her sigh. ""Doesn't matter anyway."" A voice answered from the darkness behind her.",73,"""where would i be?"" she murmured, laughing bitterly as she tapped ash onto the floor. the smoke curled from her lips with her sigh. ""doesn't matter anyway."" a voice answered from the darkness behind her.",Sadness,9.2,0.7608695652173914,5.0,86.12428571428575,2.985714285714284,-0.25,0.6
74,"""I'm afraid you're correct."" That sound—low, ancient, terrifyingly familiar—stopped her heart mid-beat. She turned. There. Behind the desk. The towering figure with his cane. His mask still velvet... but now the color of fresh blood.",0.0,0.0,0.0,0.1666999999999999,0.0,0.0,0.0,0.2083,0.0,0.0,0.0,0.1458,0.0,0.0625,0.0,0.0,0.0,0.0,0.0,0.0,0.0,0.1042,0.0832999999999999,0.0,0.0,0.1875,0.0,0.0417,0.0,0.0,0.0,0.0,"""I'm afraid you're correct."" That sound—low, ancient, terrifyingly familiar—stopped her heart mid-beat. She turned. There. Behind the desk. The towering figure with his cane. His mask still velvet... but now the color of fresh blood.",74,"""i'm afraid you're correct."" that sound—low, ancient, terrifyingly familiar—stopped her heart mid-beat. she turned. there. behind the desk. the towering figure with his cane. his mask still velvet... but now the color of fresh blood.",Fear,7.0,0.7959183673469388,7.0,75.22273809523811,4.2164285714285725,-0.425,0.7749999999999999
75,"""How did you get here?"" She stepped back, fingers digging into the window frame. His cane tapped that same dreadful rhythm from the rose garden. ""Same as always. I walked.""",0.0,0.0,0.0,0.1363999999999999,0.0681999999999999,0.0,0.0,0.2044999999999999,0.0,0.0,0.0454999999999999,0.0,0.0,0.1817999999999999,0.0,0.0,0.0,0.0,0.0,0.0,0.0,0.1136,0.1590999999999999,0.0,0.0,0.0908999999999999,0.0,0.0,0.0,0.0,0.0,0.0,"""How did you get here?"" She stepped back, fingers digging into the window frame. His cane tapped that same dreadful rhythm from the rose garden. ""Same as always. I walked.""",75,"""how did you get here?"" she stepped back, fingers digging into the window frame. his cane tapped that same dreadful rhythm from the rose garden. ""same as always. i walked.""",Fear,8.0,0.825,5.0,92.06250000000001,2.2816666666666663,-0.08,0.44000000000000006
76,"""Don't feed me that nonsense."" Her voice sliced cold through the room, though the slightest tremor betrayed her. The Bargainer laughed. ""Bertha. Bertha. Bertha."" Three summons, each heavier than the last.",0.0,0.0,0.0,0.1794999999999999,0.0768999999999999,0.1282,0.0512999999999999,0.2051,0.0,0.0,0.0,0.0,0.0,0.0,0.0,0.0,0.0,0.0,0.0,0.0,0.0,0.1025999999999999,0.2308,0.0,0.0,0.0256,0.0,0.0,0.0,0.0,0.0,0.0,"""Don't feed me that nonsense."" Her voice sliced cold through the room, though the slightest tremor betrayed her. The Bargainer laughed. ""Bertha. Bertha. Bertha."" Three summons, each heavier than the last.",76,"""don't feed me that nonsense."" her voice sliced cold through the room, though the slightest tremor betrayed her. the bargainer laughed. ""bertha. bertha. bertha."" three summons, each heavier than the last.",Anger,6.428571428571429,0.6666666666666666,7.0,81.62036290322581,3.800241935483875,0.033333333333333326,0.4222222222222222
77,"""You knew the rules when we made our deal. Nothing comes free."" ""Then take your damned castle back. I revoke it."" She lifted her chin defiantly. The tapping ceased. Gloved fingers slid into his coat pocket, withdrawing a small, weathered book—The Ledger. Its cracked spine whispered of countless deals. He flipped slowly to a page bearing her maiden name: Bertha Onman Skodd. Her signature glared up in faded ink.",0.0,0.0,0.0811,0.0541,0.0,0.0,0.0,0.1892,0.0,0.0,0.0,0.0,0.0,0.0,0.0,0.0,0.0,0.0,0.0,0.0,0.0,0.1350999999999999,0.2431999999999999,0.0,0.0,0.1081,0.1622,0.0,0.0,0.0,0.0,0.0269999999999999,"""You knew the rules when we made our deal. Nothing comes free."" ""Then take your damned castle back. I revoke it."" She lifted her chin defiantly. The tapping ceased. Gloved fingers slid into his coat pocket, withdrawing a small, weathered book—The Ledger. Its cracked spine whispered of countless deals. He flipped slowly to a page bearing her maiden name: Bertha Onman Skodd. Her signature glared up in faded ink.",77,"""you knew the rules when we made our deal. nothing comes free."" ""then take your damned castle back. i revoke it."" she lifted her chin defiantly. the tapping ceased. gloved fingers slid into his coat pocket, withdrawing a small, weathered book—the ledger. its cracked spine whispered of countless deals. he flipped slowly to a page bearing her maiden name: bertha onman skodd. her signature glared up in faded ink.",Anger,8.6,0.813953488372093,10.0,82.12715217391306,3.5183913043478263,-0.030000000000000006,0.42000000000000004
78,"Beneath it, terms and conditions sprawled in meticulous crimson script—words she'd never bothered to read, the handwriting too ornate, the clauses too dense. ""You can't run from a deal, dear Bertha. That's not how the order works."" His mask gleamed wetly in the lamplight. Her nails bit into the wooden frame as her black-rimmed eyes searched for any weakness.",0.0,0.0,0.1454999999999999,0.1091,0.0,0.0,0.0,0.1817999999999999,0.0,0.0,0.0,0.0,0.0,0.0,0.0,0.0,0.0,0.0,0.0,0.0,0.0,0.0727,0.1272999999999999,0.0544999999999999,0.0,0.0182,0.1635999999999999,0.0908999999999999,0.0,0.0,0.0,0.0364,"Beneath it, terms and conditions sprawled in meticulous crimson script—words she'd never bothered to read, the handwriting too ornate, the clauses too dense. ""You can't run from a deal, dear Bertha. That's not how the order works."" His mask gleamed wetly in the lamplight. Her nails bit into the wooden frame as her black-rimmed eyes searched for any weakness.",78,"beneath it, terms and conditions sprawled in meticulous crimson script—words she'd never bothered to read, the handwriting too ornate, the clauses too dense. ""you can't run from a deal, dear bertha. that's not how the order works."" his mask gleamed wetly in the lamplight. her nails bit into the wooden frame as her black-rimmed eyes searched for any weakness.",Fear,14.6,0.8082191780821918,5.0,77.27833898305086,5.412000000000003,-0.05,0.2
79,"""So this is it?"" Her voice echoed strangely in the silent study. Not a pin drop from the guards outside. Where were they? ""My fate?"" ""Predestined the moment you signed."" He closed the ledger with a snap, smoothing his coat as he tucked it away. ""Then why not state your price up front? You call yourself a merchant, but you're just a scammer.""",0.0,0.0,0.1189999999999999,0.0476,0.0,0.0,0.0,0.2142999999999999,0.0,0.0,0.0,0.0,0.0,0.1428999999999999,0.0,0.0,0.0,0.0,0.0,0.0,0.0,0.0714,0.1666999999999999,0.0,0.0,0.0238,0.0238,0.0,0.0,0.0,0.0,0.1905,"""So this is it?"" Her voice echoed strangely in the silent study. Not a pin drop from the guards outside. Where were they? ""My fate?"" ""Predestined the moment you signed."" He closed the ledger with a snap, smoothing his coat as he tucked it away. ""Then why not state your price up front? You call yourself a merchant, but you're just a scammer.""",79,"""so this is it?"" her voice echoed strangely in the silent study. not a pin drop from the guards outside. where were they? ""my fate?"" ""predestined the moment you signed."" he closed the ledger with a snap, smoothing his coat as he tucked it away. ""then why not state your price up front? you call yourself a merchant, but you're just a scammer.""",Fear,9.222222222222221,0.6987951807228916,9.0,95.44187500000001,1.9034722222222236,-0.037500000000000006,0.1
80,"Silence. Then—a rumble from deep in his throat. A laugh that turned her blood to ice. ""Scammer?"" His grip tightened on the cane until the leather creaked. ""I've walked this world long enough to hear every insult. But this I know: I am what I am. Every deal has terms. Every secret carries a price. You know my secret, Bertha—that I exist. And that knowledge... demands payment.""",0.0,0.0,0.0,0.1489,0.0,0.1701999999999999,0.0,0.2127,0.0,0.0,0.0,0.1277,0.0425999999999999,0.0,0.0,0.0,0.0212999999999999,0.0,0.0,0.0,0.0,0.0850999999999999,0.1915,0.0,0.0,0.0,0.0,0.0,0.0,0.0,0.0,0.0,"Silence. Then—a rumble from deep in his throat. A laugh that turned her blood to ice. ""Scammer?"" His grip tightened on the cane until the leather creaked. ""I've walked this world long enough to hear every insult. But this I know: I am what I am. Every deal has terms. Every secret carries a price. You know my secret, Bertha—that I exist. And that knowledge... demands payment.""",80,"silence. then—a rumble from deep in his throat. a laugh that turned her blood to ice. ""scammer?"" his grip tightened on the cane until the leather creaked. ""i've walked this world long enough to hear every insult. but this i know: i am what i am. every deal has terms. every secret carries a price. you know my secret, bertha—that i exist. and that knowledge... demands payment.""",Fear,7.818181818181818,0.6976744186046512,11.0,88.16247097844115,2.811840796019901,-0.09166666666666667,0.4666666666666666
81,"Her hand flashed up. A silver pistol gleamed between them—the one she'd ordered for protection. The barrel wavered slightly despite her iron grip. ""One more word,"" she hissed, ""and I'll put a bullet through that mask.""",0.0,0.0,0.0,0.1875,0.0,0.0,0.0,0.25,0.0,0.0,0.0,0.0,0.0,0.0,0.0,0.0,0.0,0.0,0.0,0.0,0.0,0.125,0.2812,0.0,0.0,0.0937999999999999,0.0,0.0,0.0625,0.0,0.0,0.0,"Her hand flashed up. A silver pistol gleamed between them—the one she'd ordered for protection. The barrel wavered slightly despite her iron grip. ""One more word,"" she hissed, ""and I'll put a bullet through that mask.""",81,"her hand flashed up. a silver pistol gleamed between them—the one she'd ordered for protection. the barrel wavered slightly despite her iron grip. ""one more word,"" she hissed, ""and i'll put a bullet through that mask.""",Anger,12.0,0.7916666666666666,4.0,84.90000000000003,3.653333333333336,0.16666666666666669,0.3333333333333333
82,"The Bargainer laughed again. ""How humans cling to their worthless lives."" He stepped closer, cane thudding against the floorboards. Bertha retreated until the window frame pressed into her back. Her black eyes locked onto his advancing form. She pulled the trigger. The bullet went straight to the Bargainer's neck. Her eyes widened, her breath came in cold gasps.",0.0,0.0,0.0,0.1277,0.0,0.1701999999999999,0.0,0.2127,0.0,0.0,0.0,0.0425999999999999,0.0,0.0,0.0,0.0,0.0212999999999999,0.0,0.0,0.0,0.0,0.0850999999999999,0.1915,0.0,0.0,0.1489,0.0,0.0,0.0,0.0,0.0,0.0,"The Bargainer laughed again. ""How humans cling to their worthless lives."" He stepped closer, cane thudding against the floorboards. Bertha retreated until the window frame pressed into her back. Her black eyes locked onto his advancing form. She pulled the trigger. The bullet went straight to the Bargainer's neck. Her eyes widened, her breath came in cold gasps.",82,"the bargainer laughed again. ""how humans cling to their worthless lives."" he stepped closer, cane thudding against the floorboards. bertha retreated until the window frame pressed into her back. her black eyes locked onto his advancing form. she pulled the trigger. the bullet went straight to the bargainer's neck. her eyes widened, her breath came in cold gasps.",Fear,8.875,0.7323943661971831,8.0,81.32797413793107,3.7168103448275893,-0.11111111111111112,0.48888888888888893
83,"The terrifying truth revealed itself. No blood. No wound. The bullet flattened against his skin like a pellet, falling harmlessly to the floor. She shot many more and they all fell off, not a single one affecting him. With the last bullet, she aimed at the center of his forehead. It punched a hole through the velvet mask, lodging there.",0.0,0.0,0.14,0.08,0.0,0.0,0.0,0.22,0.0,0.0,0.0,0.04,0.0,0.16,0.0,0.0,0.0,0.0,0.0,0.0,0.0,0.1,0.0599999999999999,0.0,0.0,0.2,0.0,0.0,0.0,0.0,0.0,0.0,"The terrifying truth revealed itself. No blood. No wound. The bullet flattened against his skin like a pellet, falling harmlessly to the floor. She shot many more and they all fell off, not a single one affecting him. With the last bullet, she aimed at the center of his forehead. It punched a hole through the velvet mask, lodging there.",83,"the terrifying truth revealed itself. no blood. no wound. the bullet flattened against his skin like a pellet, falling harmlessly to the floor. she shot many more and they all fell off, not a single one affecting him. with the last bullet, she aimed at the center of his forehead. it punched a hole through the velvet mask, lodging there.",Fear,10.142857142857142,0.7183098591549296,7.0,80.44500000000001,5.02,-0.010714285714285716,0.3968253968253969
84,"Unharmed, the tall creature plucked the bullet out and threw it to the floor. His hands moved to the back of his head. ""Ever wondered how I got my wealth? How long I've lived, what I am?"" Metallic clicks echoed from the back of his skull. To her horror, the velvet oval mask clattered to the floor. Revealing his face... Or if it could be called a face.",0.0,0.0,0.0,0.1163,0.0,0.0,0.0,0.2326,0.0,0.0,0.1395,0.1628,0.0,0.0698,0.0,0.0,0.0,0.0,0.0,0.0,0.0,0.0929999999999999,0.0,0.0,0.0,0.1859999999999999,0.0,0.0,0.0,0.0,0.0,0.0,"Unharmed, the tall creature plucked the bullet out and threw it to the floor. His hands moved to the back of his head. ""Ever wondered how I got my wealth? How long I've lived, what I am?"" Metallic clicks echoed from the back of his skull. To her horror, the velvet oval mask clattered to the floor. Revealing his face... Or if it could be called a face.",84,"unharmed, the tall creature plucked the bullet out and threw it to the floor. his hands moved to the back of his head. ""ever wondered how i got my wealth? how long i've lived, what i am?"" metallic clicks echoed from the back of his skull. to her horror, the velvet oval mask clattered to the floor. revealing his face... or if it could be called a face.",Fear,11.714285714285714,0.6707317073170732,7.0,96.1898529411765,1.9544117647058847,-0.016666666666666666,0.13333333333333333
85,"Bertha recoiled, eyes bulging with primal terror. Mask or no mask—it changed nothing. The face beneath was a blank, oval expanse. No eyes. No nose. No mouth. Nothing. Just scaly, corpse-pale skin stretched tight over nothingness. His voice vibrated from the void. ""Curiosity, dread... fear. This is what you feel."" A laugh scraped the air, making her shiver in disgust.",0.0,0.0,0.0,0.1228,0.0,0.0,0.0,0.2104,0.0,0.0,0.1053,0.193,0.0,0.1403999999999999,0.0,0.0,0.0,0.0,0.0,0.0,0.0,0.0701999999999999,0.0,0.0,0.0,0.1579,0.0,0.0,0.0,0.0,0.0,0.0,"Bertha recoiled, eyes bulging with primal terror. Mask or no mask—it changed nothing. The face beneath was a blank, oval expanse. No eyes. No nose. No mouth. Nothing. Just scaly, corpse-pale skin stretched tight over nothingness. His voice vibrated from the void. ""Curiosity, dread... fear. This is what you feel."" A laugh scraped the air, making her shiver in disgust.",85,"bertha recoiled, eyes bulging with primal terror. mask or no mask—it changed nothing. the face beneath was a blank, oval expanse. no eyes. no nose. no mouth. nothing. just scaly, corpse-pale skin stretched tight over nothingness. his voice vibrated from the void. ""curiosity, dread... fear. this is what you feel."" a laugh scraped the air, making her shiver in disgust.",Fear,6.666666666666667,0.7125,12.0,79.69500000000004,4.272857142857141,0.01785714285714285,0.09642857142857142
86,"""How are you talking?"" Her voice was a strangled whisper. He shrugged off his coat, revealing tattered fabric revealed under this fanciness. She covered her mouth, stifling a scream. His body was a nightmare tapestry. Countless eyes, countless noses and mouths littered his torso and limbs like obscene growths. The eyes, as soulless as they were, stared at her. Disgusting her... inviting her. His limbs elongated unnaturally, thin and impossibly long.",0.0,0.0,0.0,0.1295999999999999,0.0,0.0,0.0,0.2222,0.0,0.0,0.0,0.2036999999999999,0.0,0.1481,0.0,0.0,0.0,0.0,0.0,0.0,0.0,0.0740999999999999,0.0555999999999999,0.0,0.0,0.1666999999999999,0.0,0.0,0.0,0.0,0.0,0.0,"""How are you talking?"" Her voice was a strangled whisper. He shrugged off his coat, revealing tattered fabric revealed under this fanciness. She covered her mouth, stifling a scream. His body was a nightmare tapestry. Countless eyes, countless noses and mouths littered his torso and limbs like obscene growths. The eyes, as soulless as they were, stared at her. Disgusting her... inviting her. His limbs elongated unnaturally, thin and impossibly long.",86,"""how are you talking?"" her voice was a strangled whisper. he shrugged off his coat, revealing tattered fabric revealed under this fanciness. she covered her mouth, stifling a scream. his body was a nightmare tapestry. countless eyes, countless noses and mouths littered his torso and limbs like obscene growths. the eyes, as soulless as they were, stared at her. disgusting her... inviting her. his limbs elongated unnaturally, thin and impossibly long.",Fear,9.88888888888889,0.6853932584269663,9.0,69.13955105633804,5.820545774647886,-0.29,0.65
87,"Like a flash of shadow, he appeared in front of her. Cold, spidery fingers clamped her jaw. ""It's so sad to see you go..."" Tick. Tick. Tick. Her heart hammered against her ribs like a trapped bird. She could see her life flash before her tear-blurred eyes. Tears welled up and fell. The kohl she wore blackened the tears, making her look even uglier than she felt. His grip tightened.",0.0,0.0,0.0447999999999999,0.1343,0.0,0.0,0.0,0.1789999999999999,0.0,0.0,0.0,0.1194,0.0,0.0,0.0,0.0,0.0,0.1492999999999999,0.0,0.0,0.0,0.0597,0.0149,0.0,0.0,0.0298999999999999,0.1044999999999999,0.0,0.0,0.0,0.0,0.1642,"Like a flash of shadow, he appeared in front of her. Cold, spidery fingers clamped her jaw. ""It's so sad to see you go..."" Tick. Tick. Tick. Her heart hammered against her ribs like a trapped bird. She could see her life flash before her tear-blurred eyes. Tears welled up and fell. The kohl she wore blackened the tears, making her look even uglier than she felt. His grip tightened.",87,"like a flash of shadow, he appeared in front of her. cold, spidery fingers clamped her jaw. ""it's so sad to see you go..."" tick. tick. tick. her heart hammered against her ribs like a trapped bird. she could see her life flash before her tear-blurred eyes. tears welled up and fell. the kohl she wore blackened the tears, making her look even uglier than she felt. his grip tightened.",Fear,8.7,0.6781609195402298,10.0,96.43375000000002,1.9825000000000017,-0.43333333333333335,0.6666666666666666
88,"Crack. Agony exploded through her shattered jaw. ""I've seen empires fall, revolutions rise and it's all the same."" A jagged dagger appeared in his other hand – beautiful, cruel. Who knew how many lives it had taken? With a wet thunk, it plunged deep within her ribcage. Her scream tore through the silence.",0.0,0.0,0.0274,0.0685,0.0,0.0,0.0,0.1779999999999999,0.0,0.0,0.0,0.1233,0.0,0.0,0.0,0.0,0.0,0.1507,0.0,0.0,0.0,0.0410999999999999,0.1643999999999999,0.0,0.0,0.0958999999999999,0.0137,0.0,0.0,0.0,0.0,0.137,"Crack. Agony exploded through her shattered jaw. ""I've seen empires fall, revolutions rise and it's all the same."" A jagged dagger appeared in his other hand – beautiful, cruel. Who knew how many lives it had taken? With a wet thunk, it plunged deep within her ribcage. Her scream tore through the silence.",88,"crack. agony exploded through her shattered jaw. ""i've seen empires fall, revolutions rise and it's all the same."" a jagged dagger appeared in his other hand – beautiful, cruel. who knew how many lives it had taken? with a wet thunk, it plunged deep within her ribcage. her scream tore through the silence.",Fear,9.571428571428571,0.7910447761194029,7.0,80.89987179487183,4.12846153846154,0.017857142857142853,0.5428571428571428
89,"""You humans follow the same repetitive fashion..."" He ripped the blade free and plunged it again. And again. Her screams weakened to gurgles. Bertha looked at him, her eyes full-blown in fear and pain, red streaks visible. Blood pooled thick and dark between them.",0.0,0.0,0.0277999999999999,0.0694,0.0,0.0832999999999999,0.0,0.1804999999999999,0.0,0.0,0.0,0.125,0.0,0.0,0.0,0.0,0.0,0.1527999999999999,0.0,0.0,0.0,0.0417,0.1666999999999999,0.0,0.0,0.0,0.0138999999999999,0.0,0.0,0.0,0.0,0.1388999999999999,"""You humans follow the same repetitive fashion..."" He ripped the blade free and plunged it again. And again. Her screams weakened to gurgles. Bertha looked at him, her eyes full-blown in fear and pain, red streaks visible. Blood pooled thick and dark between them.",89,"""you humans follow the same repetitive fashion..."" he ripped the blade free and plunged it again. and again. her screams weakened to gurgles. bertha looked at him, her eyes full-blown in fear and pain, red streaks visible. blood pooled thick and dark between them.",Fear,10.8,0.7962962962962963,5.0,84.46209090909095,3.664727272727273,-0.05000000000000001,0.3416666666666666
90,"This was it... She was dying. ""Every dawn has its dusk."" His hand, slick with her blood, plunged into her ruined chest. She convulsed, staring into his faceless void.",0.0,0.0,0.1698,0.0565999999999999,0.0,0.0,0.0,0.2263999999999999,0.0,0.0,0.0,0.0189,0.0,0.0,0.0,0.0,0.0,0.1887,0.0,0.0,0.0,0.0942999999999999,0.0376999999999999,0.0,0.0,0.0,0.0,0.0,0.0,0.0001,0.0,0.2074999999999999,"This was it... She was dying. ""Every dawn has its dusk."" His hand, slick with her blood, plunged into her ruined chest. She convulsed, staring into his faceless void.",90,"this was it... she was dying. ""every dawn has its dusk."" his hand, slick with her blood, plunged into her ruined chest. she convulsed, staring into his faceless void.",Fear,9.75,0.7435897435897436,4.0,90.09282758620691,2.1340689655172405,-0.25,0.375
91,"""Each secret demands a price."" His fingers closed. Riiip. Her heart tore free. Her body dropped to the floor. Silent. Lifeless. Dead. He raised the dripping heart towards the back of his head. A wet, tearing sound filled the room. A giant, jagged-toothed maw split open amidst the stolen faces, feasting greedily.",0.0,0.0,0.0,0.0316999999999999,0.0,0.0,0.0,0.2063,0.0,0.0,0.0,0.1905,0.0,0.0,0.0,0.0,0.0,0.1587,0.0,0.0,0.0,0.0793999999999999,0.0635,0.0,0.0,0.127,0.0,0.0,0.0,0.0,0.0,0.1428999999999999,"""Each secret demands a price."" His fingers closed. Riiip. Her heart tore free. Her body dropped to the floor. Silent. Lifeless. Dead. He raised the dripping heart towards the back of his head. A wet, tearing sound filled the room. A giant, jagged-toothed maw split open amidst the stolen faces, feasting greedily.",91,"""each secret demands a price."" his fingers closed. riiip. her heart tore free. her body dropped to the floor. silent. lifeless. dead. he raised the dripping heart towards the back of his head. a wet, tearing sound filled the room. a giant, jagged-toothed maw split open amidst the stolen faces, feasting greedily.",Fear,6.181818181818182,0.6911764705882353,11.0,82.15653846153849,3.6456043956043978,0.03636363636363637,0.4818181818181818
92,"Bertha was dead. The light gone. Was it mercy, not seeing that final horror? You wouldn't know. You're too busy reading this book. Tick. Tick. Tick.",0.0,0.0,0.0541,0.0,0.0,0.0,0.0,0.1622,0.0,0.0,0.1350999999999999,0.0,0.0,0.0,0.0,0.0,0.0,0.0811,0.0,0.0,0.0,0.2701999999999999,0.0,0.0,0.0,0.1081,0.0,0.0,0.0,0.0,0.0,0.1892,"Bertha was dead. The light gone. Was it mercy, not seeing that final horror? You wouldn't know. You're too busy reading this book. Tick. Tick. Tick.",92,"bertha was dead. the light gone. was it mercy, not seeing that final horror? you wouldn't know. you're too busy reading this book. tick. tick. tick.",Neutral,4.625,0.7297297297297297,8.0,90.9262307692308,1.8687692307692316,0.07500000000000001,0.6
